user_id,course_id,item_id,score,maxscore,graded_at
1,1,1,69.58,100.0,2026-01-16T22:11:36.149162
1,1,2,61.07,100.0,2026-01-16T22:11:36.149162
1,1,3,46.09,100.0,2026-01-13T22:11:36.149162
1,2,1,79.06,100.0,2026-01-07T22:11:36.149162
1,2,2,53.53,100.0,2026-01-14T22:11:36.149162
1,2,3,44.42,100.0,2026-01-01T22:11:36.149162
1,2,4,42.0,100.0,2026-01-28T22:11:36.149162
1,3,1,55.67,100.0,2026-01-25T22:11:36.149162
1,3,2,44.45,100.0,2026-01-23T22:11:36.149162
1,3,3,93.28,100.0,2026-01-23T22:11:36.149162
1,4,1,44.5,100.0,2025-12-29T22:11:36.149162
1,4,2,93.89,100.0,2026-01-26T22:11:36.149162
1,4,3,60.28,100.0,2026-01-09T22:11:36.149162
1,4,4,93.59,100.0,2026-01-06T22:11:36.149162
1,5,1,65.88,100.0,2026-01-08T22:11:36.149162
1,5,2,49.9,100.0,2025-12-31T22:11:36.149162
2,1,1,49.43,100.0,2026-01-25T22:11:36.149162
2,1,2,59.87,100.0,2026-01-22T22:11:36.149162
2,1,3,64.56,100.0,2026-01-11T22:11:36.149162
2,2,1,95.53,100.0,2026-01-11T22:11:36.149162
2,2,2,55.92,100.0,2026-01-19T22:11:36.149162
2,2,3,57.84,100.0,2026-01-25T22:11:36.149162
2,2,4,42.98,100.0,2026-01-10T22:11:36.149162
3,1,1,90.39,100.0,2026-01-24T22:11:36.149162
3,1,2,43.27,100.0,2026-01-28T22:11:36.149162
3,1,3,65.66,100.0,2026-01-19T22:11:36.149162
3,1,4,89.43,100.0,2026-01-08T22:11:36.149162
3,3,1,68.82,100.0,2026-01-25T22:11:36.149162
3,3,2,41.54,100.0,2026-01-23T22:11:36.149162
3,3,3,78.29,100.0,2026-01-26T22:11:36.149162
3,3,4,68.41,100.0,2026-01-25T22:11:36.149162
3,4,1,87.09,100.0,2026-01-13T22:11:36.149162
3,4,2,69.35,100.0,2026-01-07T22:11:36.149162
3,4,3,55.9,100.0,2026-01-08T22:11:36.149162
3,5,1,63.25,100.0,2026-01-17T22:11:36.149162
3,5,2,93.13,100.0,2026-01-17T22:11:36.149162
3,5,3,51.19,100.0,2026-01-27T22:11:36.149162
3,5,4,55.8,100.0,2026-01-14T22:11:36.149162
4,2,1,53.57,100.0,2026-01-20T22:11:36.149162
4,2,2,73.85,100.0,2026-01-24T22:11:36.149162
4,2,3,85.13,100.0,2026-01-07T22:11:36.149162
4,3,1,45.14,100.0,2026-01-17T22:11:36.149162
4,3,2,88.49,100.0,2026-01-15T22:11:36.149162
4,4,1,53.65,100.0,2026-01-27T22:11:36.149162
4,4,2,90.45,100.0,2026-01-02T22:11:36.149162
4,4,3,71.35,100.0,2025-12-29T22:11:36.149162
4,4,4,72.13,100.0,2026-01-01T22:11:36.149162
5,1,1,74.36,100.0,2026-01-21T22:11:36.149162
5,1,2,68.58,100.0,2026-01-26T22:11:36.149162
5,1,3,63.69,100.0,2026-01-01T22:11:36.149162
5,2,1,42.08,100.0,2026-01-10T22:11:36.149162
5,2,2,94.03,100.0,2026-01-03T22:11:36.149162
5,2,3,74.29,100.0,2026-01-09T22:11:36.149162
5,2,4,48.85,100.0,2025-12-29T22:11:36.149162
5,3,1,50.37,100.0,2026-01-23T22:11:36.149162
5,3,2,98.33,100.0,2026-01-03T22:11:36.149162
5,3,3,51.56,100.0,2026-01-27T22:11:36.149162
5,5,1,44.7,100.0,2026-01-07T22:11:36.149162
5,5,2,66.12,100.0,2026-01-02T22:11:36.149162
5,5,3,77.63,100.0,2026-01-02T22:11:36.149162
6,1,1,55.47,100.0,2025-12-30T22:11:36.149162
6,1,2,83.63,100.0,2026-01-03T22:11:36.149162
6,1,3,44.02,100.0,2026-01-16T22:11:36.149162
6,1,4,73.38,100.0,2026-01-11T22:11:36.149162
6,2,1,91.4,100.0,2026-01-12T22:11:36.149162
6,2,2,67.49,100.0,2026-01-01T22:11:36.149162
6,2,3,40.74,100.0,2026-01-06T22:11:36.149162
6,3,1,75.25,100.0,2026-01-03T22:11:36.149162
6,3,2,65.18,100.0,2026-01-15T22:11:36.149162
6,3,3,48.98,100.0,2026-01-10T22:11:36.149162
6,3,4,75.28,100.0,2026-01-04T22:11:36.149162
6,4,1,95.5,100.0,2026-01-10T22:11:36.149162
6,4,2,86.77,100.0,2026-01-03T22:11:36.149162
6,5,1,92.05,100.0,2025-12-31T22:11:36.149162
6,5,2,60.63,100.0,2026-01-15T22:11:36.149162
6,5,3,55.85,100.0,2026-01-08T22:11:36.149162
7,1,1,74.32,100.0,2026-01-13T22:11:36.149162
7,1,2,42.25,100.0,2026-01-20T22:11:36.149162
7,1,3,64.18,100.0,2026-01-09T22:11:36.149162
7,4,1,80.85,100.0,2026-01-16T22:11:36.149162
7,4,2,42.33,100.0,2025-12-31T22:11:36.149162
7,4,3,92.74,100.0,2026-01-06T22:11:36.149162
7,4,4,54.25,100.0,2026-01-05T22:11:36.149162
7,5,1,95.25,100.0,2025-12-31T22:11:36.149162
7,5,2,62.35,100.0,2026-01-18T22:11:36.149162
7,5,3,89.04,100.0,2026-01-19T22:11:36.149162
8,1,1,56.82,100.0,2026-01-13T22:11:36.149162
8,1,2,91.49,100.0,2026-01-07T22:11:36.149162
8,1,3,45.89,100.0,2026-01-01T22:11:36.149162
8,3,1,48.06,100.0,2026-01-05T22:11:36.149162
8,3,2,66.59,100.0,2026-01-02T22:11:36.149162
8,4,1,56.17,100.0,2026-01-15T22:11:36.149162
8,4,2,76.3,100.0,2026-01-26T22:11:36.149162
8,4,3,51.28,100.0,2026-01-22T22:11:36.149162
8,5,1,84.46,100.0,2026-01-04T22:11:36.149162
8,5,2,70.99,100.0,2026-01-17T22:11:36.149162
8,5,3,89.26,100.0,2026-01-12T22:11:36.149162
9,1,1,43.94,100.0,2026-01-06T22:11:36.149162
9,1,2,70.41,100.0,2026-01-24T22:11:36.149162
10,4,1,92.76,100.0,2026-01-28T22:11:36.149162
10,4,2,50.42,100.0,2025-12-31T22:11:36.149162
10,4,3,89.98,100.0,2026-01-02T22:11:36.149162
10,4,4,43.46,100.0,2026-01-27T22:11:36.149162
10,5,1,43.03,100.0,2026-01-17T22:11:36.149162
10,5,2,82.28,100.0,2026-01-20T22:11:36.149162
10,5,3,62.1,100.0,2026-01-14T22:11:36.149162
11,3,1,63.82,100.0,2025-12-30T22:11:36.149162
11,3,2,47.43,100.0,2026-01-28T22:11:36.149162
11,3,3,54.52,100.0,2026-01-13T22:11:36.149162
11,3,4,75.64,100.0,2026-01-23T22:11:36.149162
11,4,1,75.21,100.0,2026-01-17T22:11:36.149162
11,4,2,60.65,100.0,2026-01-02T22:11:36.149162
11,4,3,93.67,100.0,2026-01-05T22:11:36.149162
12,1,1,45.42,100.0,2026-01-28T22:11:36.149162
12,1,2,63.19,100.0,2026-01-23T22:11:36.149162
12,1,3,91.23,100.0,2026-01-04T22:11:36.149162
12,1,4,97.9,100.0,2026-01-01T22:11:36.149162
12,2,1,78.84,100.0,2026-01-07T22:11:36.149162
12,2,2,52.4,100.0,2026-01-08T22:11:36.149162
12,4,1,70.8,100.0,2026-01-01T22:11:36.149162
12,4,2,86.82,100.0,2026-01-04T22:11:36.149162
12,4,3,80.93,100.0,2026-01-13T22:11:36.149162
12,5,1,78.84,100.0,2026-01-09T22:11:36.149162
12,5,2,88.05,100.0,2026-01-21T22:11:36.149162
13,4,1,76.5,100.0,2025-12-29T22:11:36.149162
13,4,2,58.33,100.0,2025-12-29T22:11:36.149162
13,4,3,82.56,100.0,2026-01-20T22:11:36.149162
14,1,1,93.73,100.0,2026-01-01T22:11:36.149162
14,1,2,60.92,100.0,2026-01-20T22:11:36.149162
14,1,3,53.09,100.0,2026-01-19T22:11:36.149162
14,3,1,71.24,100.0,2026-01-09T22:11:36.149162
14,3,2,63.83,100.0,2026-01-25T22:11:36.149162
14,3,3,40.44,100.0,2026-01-07T22:11:36.149162
14,3,4,97.99,100.0,2026-01-02T22:11:36.149162
14,4,1,73.69,100.0,2026-01-09T22:11:36.149162
14,4,2,76.54,100.0,2026-01-19T22:11:36.149162
14,4,3,81.06,100.0,2026-01-13T22:11:36.149162
15,2,1,60.18,100.0,2026-01-20T22:11:36.149162
15,2,2,78.44,100.0,2026-01-01T22:11:36.149162
15,5,1,55.67,100.0,2026-01-06T22:11:36.149162
15,5,2,97.13,100.0,2026-01-08T22:11:36.149162
15,5,3,57.93,100.0,2026-01-24T22:11:36.149162
16,1,1,85.93,100.0,2025-12-31T22:11:36.149162
16,1,2,43.41,100.0,2026-01-01T22:11:36.149162
16,1,3,88.14,100.0,2026-01-09T22:11:36.149162
16,1,4,64.25,100.0,2026-01-18T22:11:36.149162
16,2,1,48.4,100.0,2026-01-28T22:11:36.149162
16,2,2,79.32,100.0,2026-01-19T22:11:36.149162
16,2,3,55.57,100.0,2026-01-15T22:11:36.149162
16,2,4,64.28,100.0,2026-01-05T22:11:36.149162
16,3,1,74.98,100.0,2026-01-10T22:11:36.149162
16,3,2,88.96,100.0,2026-01-18T22:11:36.149162
16,4,1,82.8,100.0,2026-01-07T22:11:36.149162
16,4,2,72.08,100.0,2026-01-03T22:11:36.149162
16,4,3,68.54,100.0,2025-12-29T22:11:36.149162
16,4,4,80.31,100.0,2026-01-12T22:11:36.149162
16,5,1,90.73,100.0,2026-01-02T22:11:36.149162
16,5,2,79.46,100.0,2026-01-11T22:11:36.149162
16,5,3,50.87,100.0,2026-01-25T22:11:36.149162
17,2,1,47.68,100.0,2026-01-20T22:11:36.149162
17,2,2,83.51,100.0,2026-01-11T22:11:36.149162
17,2,3,85.78,100.0,2026-01-23T22:11:36.149162
18,1,1,93.98,100.0,2026-01-08T22:11:36.149162
18,1,2,45.36,100.0,2026-01-17T22:11:36.149162
18,1,3,53.4,100.0,2026-01-01T22:11:36.149162
18,1,4,58.43,100.0,2026-01-03T22:11:36.149162
18,3,1,62.3,100.0,2026-01-10T22:11:36.149162
18,3,2,57.64,100.0,2026-01-01T22:11:36.149162
18,3,3,47.07,100.0,2026-01-27T22:11:36.149162
19,2,1,75.01,100.0,2025-12-29T22:11:36.149162
19,2,2,77.24,100.0,2026-01-13T22:11:36.149162
19,2,3,93.37,100.0,2026-01-12T22:11:36.149162
19,2,4,47.19,100.0,2026-01-07T22:11:36.149162
19,5,1,71.79,100.0,2026-01-15T22:11:36.149162
19,5,2,43.24,100.0,2026-01-01T22:11:36.149162
19,5,3,49.05,100.0,2026-01-22T22:11:36.149162
20,1,1,64.55,100.0,2026-01-10T22:11:36.149162
20,1,2,93.57,100.0,2026-01-14T22:11:36.149162
20,1,3,48.59,100.0,2026-01-01T22:11:36.149162
20,2,1,50.82,100.0,2026-01-26T22:11:36.149162
20,2,2,69.25,100.0,2026-01-08T22:11:36.149162
20,2,3,99.2,100.0,2026-01-18T22:11:36.149162
20,2,4,78.07,100.0,2026-01-28T22:11:36.149162
20,3,1,56.41,100.0,2026-01-04T22:11:36.149162
20,3,2,86.41,100.0,2026-01-10T22:11:36.149162
20,3,3,85.87,100.0,2026-01-13T22:11:36.149162
20,4,1,47.76,100.0,2026-01-15T22:11:36.149162
20,4,2,78.01,100.0,2026-01-16T22:11:36.149162
21,1,1,97.92,100.0,2026-01-16T22:11:36.149162
21,1,2,40.28,100.0,2026-01-11T22:11:36.149162
21,1,3,51.96,100.0,2026-01-17T22:11:36.149162
21,2,1,93.52,100.0,2026-01-04T22:11:36.149162
21,2,2,89.99,100.0,2026-01-22T22:11:36.149162
21,4,1,80.6,100.0,2026-01-08T22:11:36.149162
21,4,2,84.02,100.0,2026-01-21T22:11:36.149162
21,5,1,92.62,100.0,2026-01-19T22:11:36.149162
21,5,2,47.74,100.0,2026-01-16T22:11:36.149162
21,5,3,70.2,100.0,2026-01-19T22:11:36.149162
21,5,4,50.02,100.0,2026-01-02T22:11:36.149162
22,1,1,57.89,100.0,2026-01-19T22:11:36.149162
22,1,2,67.36,100.0,2026-01-12T22:11:36.149162
22,3,1,71.45,100.0,2026-01-15T22:11:36.149162
22,3,2,93.28,100.0,2026-01-24T22:11:36.149162
22,3,3,60.56,100.0,2025-12-31T22:11:36.149162
22,3,4,69.41,100.0,2026-01-04T22:11:36.149162
22,4,1,49.89,100.0,2025-12-30T22:11:36.149162
22,4,2,95.09,100.0,2026-01-16T22:11:36.149162
22,5,1,53.71,100.0,2026-01-05T22:11:36.149162
22,5,2,99.09,100.0,2026-01-22T22:11:36.149162
23,2,1,41.31,100.0,2026-01-12T22:11:36.149162
23,2,2,50.14,100.0,2026-01-17T22:11:36.149162
23,2,3,82.67,100.0,2026-01-03T22:11:36.149162
23,2,4,42.24,100.0,2025-12-31T22:11:36.149162
23,4,1,55.35,100.0,2026-01-11T22:11:36.149162
23,4,2,77.39,100.0,2026-01-09T22:11:36.149162
23,4,3,99.68,100.0,2026-01-07T22:11:36.149162
23,4,4,46.49,100.0,2026-01-02T22:11:36.149162
23,5,1,42.89,100.0,2026-01-25T22:11:36.149162
23,5,2,65.01,100.0,2026-01-16T22:11:36.149162
24,1,1,72.84,100.0,2026-01-13T22:11:36.149162
24,1,2,82.11,100.0,2026-01-22T22:11:36.149162
24,2,1,81.14,100.0,2026-01-28T22:11:36.149162
24,2,2,58.07,100.0,2026-01-07T22:11:36.149162
24,2,3,46.06,100.0,2026-01-12T22:11:36.149162
24,2,4,56.2,100.0,2026-01-09T22:11:36.149162
24,3,1,48.23,100.0,2026-01-02T22:11:36.149162
24,3,2,93.92,100.0,2026-01-12T22:11:36.149162
24,3,3,83.13,100.0,2026-01-25T22:11:36.149162
24,3,4,56.96,100.0,2026-01-03T22:11:36.149162
24,5,1,69.86,100.0,2026-01-09T22:11:36.149162
24,5,2,51.98,100.0,2026-01-20T22:11:36.149162
25,1,1,98.39,100.0,2026-01-17T22:11:36.149162
25,1,2,82.21,100.0,2026-01-19T22:11:36.149162
25,1,3,49.62,100.0,2026-01-11T22:11:36.149162
25,1,4,69.78,100.0,2026-01-22T22:11:36.150162
25,3,1,95.99,100.0,2026-01-18T22:11:36.150162
25,3,2,54.07,100.0,2026-01-28T22:11:36.150162
25,3,3,80.3,100.0,2025-12-30T22:11:36.150162
25,3,4,46.63,100.0,2026-01-10T22:11:36.150162
25,4,1,69.65,100.0,2025-12-29T22:11:36.150162
25,4,2,45.4,100.0,2026-01-12T22:11:36.150162
25,4,3,44.5,100.0,2026-01-05T22:11:36.150162
25,4,4,46.08,100.0,2026-01-20T22:11:36.150162
26,1,1,53.87,100.0,2026-01-19T22:11:36.150162
26,1,2,55.85,100.0,2026-01-27T22:11:36.150162
26,1,3,45.99,100.0,2026-01-23T22:11:36.150162
26,1,4,92.45,100.0,2026-01-01T22:11:36.150162
26,2,1,61.61,100.0,2026-01-07T22:11:36.150162
26,2,2,58.76,100.0,2026-01-05T22:11:36.150162
26,2,3,46.95,100.0,2026-01-01T22:11:36.150162
26,3,1,40.58,100.0,2026-01-24T22:11:36.150162
26,3,2,79.8,100.0,2026-01-23T22:11:36.150162
26,5,1,61.45,100.0,2026-01-14T22:11:36.150162
26,5,2,97.31,100.0,2026-01-20T22:11:36.150162
26,5,3,92.71,100.0,2026-01-26T22:11:36.150162
27,4,1,88.9,100.0,2026-01-23T22:11:36.150162
27,4,2,46.83,100.0,2026-01-16T22:11:36.150162
27,4,3,97.74,100.0,2026-01-20T22:11:36.150162
28,1,1,81.39,100.0,2026-01-13T22:11:36.150162
28,1,2,87.99,100.0,2026-01-08T22:11:36.150162
28,1,3,93.17,100.0,2026-01-23T22:11:36.150162
28,2,1,47.95,100.0,2026-01-05T22:11:36.150162
28,2,2,43.52,100.0,2025-12-29T22:11:36.150162
28,5,1,46.22,100.0,2025-12-30T22:11:36.150162
28,5,2,75.45,100.0,2026-01-03T22:11:36.150162
29,1,1,80.7,100.0,2026-01-23T22:11:36.150162
29,1,2,76.68,100.0,2026-01-04T22:11:36.150162
29,1,3,61.52,100.0,2026-01-28T22:11:36.150162
29,1,4,91.75,100.0,2025-12-31T22:11:36.150162
29,2,1,98.41,100.0,2026-01-24T22:11:36.150162
29,2,2,68.98,100.0,2026-01-13T22:11:36.150162
29,2,3,46.78,100.0,2026-01-15T22:11:36.150162
29,2,4,66.44,100.0,2026-01-26T22:11:36.150162
29,3,1,79.3,100.0,2026-01-28T22:11:36.150162
29,3,2,82.27,100.0,2026-01-07T22:11:36.150162
29,3,3,71.49,100.0,2026-01-05T22:11:36.150162
29,4,1,83.43,100.0,2026-01-21T22:11:36.150162
29,4,2,98.67,100.0,2026-01-07T22:11:36.150162
29,4,3,92.39,100.0,2026-01-12T22:11:36.150162
29,4,4,71.39,100.0,2026-01-06T22:11:36.150162
29,5,1,45.71,100.0,2026-01-07T22:11:36.150162
29,5,2,83.6,100.0,2026-01-13T22:11:36.150162
29,5,3,60.74,100.0,2026-01-07T22:11:36.150162
29,5,4,78.48,100.0,2026-01-24T22:11:36.150162
30,1,1,93.52,100.0,2026-01-09T22:11:36.150162
30,1,2,43.27,100.0,2026-01-08T22:11:36.150162
30,1,3,96.06,100.0,2026-01-12T22:11:36.150162
30,1,4,90.93,100.0,2026-01-01T22:11:36.150162
30,2,1,92.16,100.0,2026-01-26T22:11:36.150162
30,2,2,85.09,100.0,2026-01-18T22:11:36.150162
30,2,3,54.45,100.0,2026-01-20T22:11:36.150162
30,4,1,70.42,100.0,2026-01-11T22:11:36.150162
30,4,2,78.6,100.0,2026-01-16T22:11:36.150162
31,1,1,44.73,100.0,2026-01-14T22:11:36.150162
31,1,2,88.08,100.0,2026-01-14T22:11:36.150162
31,2,1,91.4,100.0,2026-01-14T22:11:36.150162
31,2,2,58.96,100.0,2026-01-13T22:11:36.150162
31,3,1,79.2,100.0,2026-01-25T22:11:36.150162
31,3,2,64.21,100.0,2026-01-27T22:11:36.150162
31,3,3,73.43,100.0,2026-01-28T22:11:36.150162
31,3,4,89.55,100.0,2026-01-03T22:11:36.150162
31,4,1,97.79,100.0,2026-01-08T22:11:36.150162
31,4,2,58.28,100.0,2026-01-12T22:11:36.150162
31,4,3,73.74,100.0,2026-01-08T22:11:36.150162
31,4,4,80.29,100.0,2025-12-29T22:11:36.150162
31,5,1,61.8,100.0,2026-01-27T22:11:36.150162
31,5,2,89.0,100.0,2026-01-01T22:11:36.150162
31,5,3,67.27,100.0,2026-01-11T22:11:36.150162
32,1,1,76.0,100.0,2026-01-06T22:11:36.150162
32,1,2,79.43,100.0,2026-01-06T22:11:36.150162
32,1,3,67.15,100.0,2026-01-25T22:11:36.150162
32,1,4,85.56,100.0,2026-01-21T22:11:36.150162
32,3,1,60.48,100.0,2026-01-02T22:11:36.150162
32,3,2,78.02,100.0,2026-01-03T22:11:36.150162
32,5,1,72.86,100.0,2026-01-17T22:11:36.150162
32,5,2,82.13,100.0,2026-01-27T22:11:36.150162
32,5,3,93.81,100.0,2026-01-13T22:11:36.150162
33,1,1,89.31,100.0,2026-01-05T22:11:36.150162
33,1,2,83.29,100.0,2026-01-25T22:11:36.150162
33,2,1,76.65,100.0,2026-01-22T22:11:36.150162
33,2,2,47.24,100.0,2026-01-01T22:11:36.150162
33,2,3,63.57,100.0,2026-01-14T22:11:36.150162
33,3,1,83.01,100.0,2026-01-25T22:11:36.150162
33,3,2,85.43,100.0,2026-01-27T22:11:36.150162
33,4,1,90.25,100.0,2026-01-10T22:11:36.150162
33,4,2,47.39,100.0,2025-12-31T22:11:36.150162
33,4,3,67.03,100.0,2026-01-07T22:11:36.150162
33,4,4,75.36,100.0,2026-01-12T22:11:36.150162
33,5,1,97.83,100.0,2026-01-28T22:11:36.150162
33,5,2,71.82,100.0,2026-01-27T22:11:36.150162
34,1,1,96.12,100.0,2026-01-02T22:11:36.150162
34,1,2,75.11,100.0,2025-12-30T22:11:36.150162
34,1,3,70.5,100.0,2025-12-30T22:11:36.150162
34,1,4,94.61,100.0,2026-01-06T22:11:36.150162
34,3,1,50.42,100.0,2026-01-02T22:11:36.150162
34,3,2,47.7,100.0,2026-01-16T22:11:36.150162
34,3,3,79.45,100.0,2026-01-09T22:11:36.150162
34,3,4,92.96,100.0,2026-01-12T22:11:36.150162
34,4,1,65.12,100.0,2026-01-09T22:11:36.150162
34,4,2,94.95,100.0,2026-01-04T22:11:36.150162
34,4,3,54.89,100.0,2026-01-16T22:11:36.150162
35,2,1,98.23,100.0,2026-01-14T22:11:36.150162
35,2,2,88.29,100.0,2026-01-24T22:11:36.150162
35,2,3,64.76,100.0,2026-01-06T22:11:36.150162
35,4,1,70.74,100.0,2026-01-02T22:11:36.150162
35,4,2,82.09,100.0,2026-01-01T22:11:36.150162
35,4,3,58.83,100.0,2026-01-05T22:11:36.150162
35,4,4,96.13,100.0,2026-01-08T22:11:36.150162
36,3,1,52.05,100.0,2026-01-09T22:11:36.150162
36,3,2,82.86,100.0,2026-01-07T22:11:36.150162
36,4,1,95.27,100.0,2026-01-24T22:11:36.150162
36,4,2,98.88,100.0,2026-01-08T22:11:36.150162
36,4,3,98.51,100.0,2026-01-23T22:11:36.150162
36,5,1,72.55,100.0,2026-01-08T22:11:36.150162
36,5,2,59.34,100.0,2026-01-25T22:11:36.150162
36,5,3,85.65,100.0,2026-01-11T22:11:36.150162
36,5,4,68.82,100.0,2026-01-10T22:11:36.150162
38,4,1,82.61,100.0,2026-01-07T22:11:36.150162
38,4,2,84.87,100.0,2026-01-02T22:11:36.150162
38,4,3,72.03,100.0,2025-12-31T22:11:36.150162
38,4,4,90.84,100.0,2026-01-03T22:11:36.150162
39,2,1,71.36,100.0,2026-01-28T22:11:36.150162
39,2,2,62.85,100.0,2026-01-27T22:11:36.150162
39,3,1,43.4,100.0,2026-01-20T22:11:36.150162
39,3,2,85.01,100.0,2026-01-23T22:11:36.150162
39,3,3,99.01,100.0,2026-01-07T22:11:36.150162
39,3,4,55.03,100.0,2026-01-02T22:11:36.150162
39,4,1,81.44,100.0,2026-01-19T22:11:36.150162
39,4,2,52.24,100.0,2026-01-11T22:11:36.150162
40,3,1,61.52,100.0,2026-01-14T22:11:36.150162
40,3,2,46.15,100.0,2026-01-01T22:11:36.150162
41,1,1,84.37,100.0,2026-01-01T22:11:36.150162
41,1,2,53.46,100.0,2026-01-08T22:11:36.150162
41,1,3,73.68,100.0,2026-01-21T22:11:36.150162
41,1,4,70.66,100.0,2026-01-03T22:11:36.150162
41,2,1,57.26,100.0,2026-01-07T22:11:36.150162
41,2,2,42.82,100.0,2026-01-16T22:11:36.150162
41,2,3,63.25,100.0,2025-12-29T22:11:36.150162
41,2,4,87.29,100.0,2026-01-07T22:11:36.150162
41,4,1,97.95,100.0,2026-01-27T22:11:36.150162
41,4,2,40.78,100.0,2026-01-20T22:11:36.150162
41,4,3,52.19,100.0,2026-01-01T22:11:36.150162
42,1,1,89.8,100.0,2025-12-30T22:11:36.150162
42,1,2,78.03,100.0,2026-01-06T22:11:36.150162
42,1,3,78.86,100.0,2026-01-04T22:11:36.150162
42,2,1,72.8,100.0,2026-01-09T22:11:36.150162
42,2,2,51.79,100.0,2026-01-05T22:11:36.150162
42,2,3,97.86,100.0,2026-01-19T22:11:36.150162
42,2,4,66.93,100.0,2026-01-07T22:11:36.150162
42,4,1,51.22,100.0,2026-01-23T22:11:36.150162
42,4,2,84.1,100.0,2026-01-25T22:11:36.150162
42,5,1,42.44,100.0,2026-01-20T22:11:36.150162
42,5,2,73.4,100.0,2026-01-24T22:11:36.150162
42,5,3,49.66,100.0,2026-01-01T22:11:36.150162
43,1,1,40.34,100.0,2026-01-14T22:11:36.150162
43,1,2,82.58,100.0,2026-01-24T22:11:36.150162
43,1,3,42.4,100.0,2025-12-30T22:11:36.150162
44,1,1,75.81,100.0,2026-01-04T22:11:36.150162
44,1,2,95.94,100.0,2026-01-09T22:11:36.150162
44,1,3,90.59,100.0,2026-01-19T22:11:36.150162
44,3,1,87.39,100.0,2026-01-11T22:11:36.150162
44,3,2,61.49,100.0,2026-01-03T22:11:36.150162
44,3,3,82.46,100.0,2026-01-12T22:11:36.150162
44,5,1,97.42,100.0,2026-01-12T22:11:36.150162
44,5,2,44.09,100.0,2026-01-12T22:11:36.150162
46,2,1,64.96,100.0,2026-01-11T22:11:36.150162
46,2,2,64.21,100.0,2026-01-17T22:11:36.150162
46,3,1,93.0,100.0,2026-01-07T22:11:36.150162
46,3,2,59.91,100.0,2026-01-17T22:11:36.150162
46,4,1,53.11,100.0,2026-01-04T22:11:36.150162
46,4,2,77.1,100.0,2026-01-13T22:11:36.150162
46,4,3,99.8,100.0,2026-01-02T22:11:36.150162
47,1,1,40.53,100.0,2026-01-07T22:11:36.150162
47,1,2,60.76,100.0,2026-01-21T22:11:36.150162
47,1,3,94.27,100.0,2026-01-09T22:11:36.150162
47,1,4,95.12,100.0,2026-01-21T22:11:36.150162
47,5,1,80.95,100.0,2026-01-18T22:11:36.150162
47,5,2,62.88,100.0,2026-01-03T22:11:36.150162
48,1,1,63.15,100.0,2026-01-11T22:11:36.150162
48,1,2,83.44,100.0,2026-01-28T22:11:36.150162
48,5,1,89.33,100.0,2026-01-17T22:11:36.150162
48,5,2,70.86,100.0,2026-01-12T22:11:36.150162
48,5,3,66.73,100.0,2026-01-27T22:11:36.150162
48,5,4,57.79,100.0,2026-01-08T22:11:36.150162
49,1,1,59.22,100.0,2026-01-26T22:11:36.150162
49,1,2,96.89,100.0,2026-01-23T22:11:36.150162
49,2,1,71.99,100.0,2026-01-08T22:11:36.150162
49,2,2,43.93,100.0,2026-01-07T22:11:36.150162
49,2,3,77.77,100.0,2026-01-22T22:11:36.150162
49,2,4,91.9,100.0,2026-01-15T22:11:36.150162
49,3,1,52.33,100.0,2026-01-02T22:11:36.150162
49,3,2,82.16,100.0,2026-01-05T22:11:36.150162
49,5,1,78.79,100.0,2025-12-29T22:11:36.150162
49,5,2,44.33,100.0,2026-01-07T22:11:36.150162
49,5,3,49.23,100.0,2026-01-14T22:11:36.150162
50,2,1,59.9,100.0,2026-01-26T22:11:36.150162
50,2,2,44.39,100.0,2026-01-23T22:11:36.150162
50,2,3,87.65,100.0,2026-01-11T22:11:36.150162
50,2,4,44.23,100.0,2026-01-02T22:11:36.150162
50,4,1,94.66,100.0,2026-01-15T22:11:36.150162
50,4,2,63.28,100.0,2026-01-08T22:11:36.150162
50,5,1,65.98,100.0,2026-01-28T22:11:36.150162
50,5,2,63.37,100.0,2026-01-25T22:11:36.150162
50,5,3,72.09,100.0,2026-01-08T22:11:36.150162
51,2,1,77.1,100.0,2026-01-04T22:11:36.150162
51,2,2,84.76,100.0,2026-01-27T22:11:36.150162
51,2,3,82.05,100.0,2026-01-26T22:11:36.150162
51,2,4,61.46,100.0,2026-01-12T22:11:36.150162
51,4,1,57.39,100.0,2026-01-07T22:11:36.150162
51,4,2,58.08,100.0,2026-01-26T22:11:36.150162
51,5,1,85.92,100.0,2026-01-14T22:11:36.150162
51,5,2,62.88,100.0,2026-01-02T22:11:36.150162
51,5,3,79.64,100.0,2026-01-13T22:11:36.150162
52,2,1,72.01,100.0,2026-01-24T22:11:36.150162
52,2,2,84.81,100.0,2026-01-03T22:11:36.150162
52,3,1,57.7,100.0,2026-01-08T22:11:36.150162
52,3,2,48.64,100.0,2026-01-07T22:11:36.150162
52,3,3,93.22,100.0,2025-12-29T22:11:36.150162
52,3,4,87.7,100.0,2026-01-05T22:11:36.150162
52,4,1,62.39,100.0,2025-12-29T22:11:36.150162
52,4,2,40.67,100.0,2026-01-01T22:11:36.150162
52,4,3,73.3,100.0,2026-01-25T22:11:36.150162
52,4,4,42.51,100.0,2026-01-10T22:11:36.150162
53,1,1,63.64,100.0,2026-01-11T22:11:36.150162
53,1,2,96.82,100.0,2026-01-19T22:11:36.150162
53,1,3,52.6,100.0,2026-01-05T22:11:36.150162
53,1,4,94.21,100.0,2026-01-17T22:11:36.150162
54,2,1,64.76,100.0,2026-01-08T22:11:36.150162
54,2,2,91.09,100.0,2026-01-24T22:11:36.150162
54,5,1,51.04,100.0,2026-01-09T22:11:36.150162
54,5,2,90.08,100.0,2026-01-22T22:11:36.150162
55,1,1,50.88,100.0,2026-01-03T22:11:36.150162
55,1,2,74.04,100.0,2026-01-27T22:11:36.150162
55,4,1,67.68,100.0,2026-01-11T22:11:36.150162
55,4,2,44.39,100.0,2026-01-07T22:11:36.150162
55,4,3,44.04,100.0,2026-01-25T22:11:36.150162
55,4,4,51.85,100.0,2026-01-10T22:11:36.150162
55,5,1,97.09,100.0,2026-01-17T22:11:36.150162
55,5,2,47.69,100.0,2026-01-08T22:11:36.150162
55,5,3,54.07,100.0,2026-01-19T22:11:36.150162
56,2,1,44.19,100.0,2026-01-22T22:11:36.150162
56,2,2,59.07,100.0,2026-01-14T22:11:36.150162
56,2,3,59.7,100.0,2026-01-07T22:11:36.150162
56,2,4,58.34,100.0,2026-01-10T22:11:36.150162
56,3,1,73.93,100.0,2026-01-17T22:11:36.150162
56,3,2,88.46,100.0,2025-12-29T22:11:36.150162
56,5,1,50.12,100.0,2026-01-18T22:11:36.150162
56,5,2,54.77,100.0,2026-01-21T22:11:36.150162
56,5,3,82.73,100.0,2026-01-08T22:11:36.150162
57,1,1,56.6,100.0,2026-01-17T22:11:36.150162
57,1,2,48.06,100.0,2026-01-05T22:11:36.150162
57,1,3,59.89,100.0,2026-01-13T22:11:36.150162
57,2,1,66.72,100.0,2026-01-04T22:11:36.150162
57,2,2,58.33,100.0,2026-01-11T22:11:36.150162
57,2,3,46.53,100.0,2026-01-08T22:11:36.150162
57,3,1,44.92,100.0,2026-01-20T22:11:36.150162
57,3,2,91.52,100.0,2026-01-24T22:11:36.150162
57,3,3,93.48,100.0,2026-01-22T22:11:36.150162
57,3,4,55.79,100.0,2025-12-31T22:11:36.150162
57,4,1,44.59,100.0,2026-01-26T22:11:36.150162
57,4,2,93.53,100.0,2026-01-01T22:11:36.150162
57,4,3,70.43,100.0,2026-01-28T22:11:36.150162
57,4,4,88.76,100.0,2026-01-10T22:11:36.150162
58,4,1,86.15,100.0,2026-01-22T22:11:36.150162
58,4,2,94.38,100.0,2026-01-11T22:11:36.150162
58,4,3,55.64,100.0,2025-12-31T22:11:36.150162
58,5,1,68.33,100.0,2026-01-04T22:11:36.150162
58,5,2,48.92,100.0,2026-01-16T22:11:36.150162
58,5,3,53.4,100.0,2026-01-04T22:11:36.150162
58,5,4,75.38,100.0,2026-01-01T22:11:36.150162
59,2,1,48.03,100.0,2026-01-12T22:11:36.150162
59,2,2,70.62,100.0,2026-01-16T22:11:36.150162
59,2,3,61.83,100.0,2026-01-28T22:11:36.150162
59,5,1,54.33,100.0,2025-12-29T22:11:36.150162
59,5,2,88.39,100.0,2026-01-09T22:11:36.150162
59,5,3,81.05,100.0,2026-01-04T22:11:36.150162
59,5,4,70.85,100.0,2026-01-14T22:11:36.150162
60,2,1,50.75,100.0,2025-12-29T22:11:36.150162
60,2,2,73.95,100.0,2026-01-01T22:11:36.150162
60,4,1,84.16,100.0,2026-01-13T22:11:36.150162
60,4,2,96.35,100.0,2026-01-27T22:11:36.150162
60,5,1,85.69,100.0,2026-01-21T22:11:36.150162
60,5,2,43.77,100.0,2026-01-17T22:11:36.150162
61,1,1,42.57,100.0,2026-01-22T22:11:36.150162
61,1,2,71.07,100.0,2026-01-03T22:11:36.150162
61,5,1,63.29,100.0,2025-12-30T22:11:36.150162
61,5,2,67.28,100.0,2026-01-27T22:11:36.150162
61,5,3,42.39,100.0,2026-01-08T22:11:36.150162
62,1,1,46.19,100.0,2025-12-29T22:11:36.150162
62,1,2,71.28,100.0,2026-01-02T22:11:36.150162
62,1,3,56.41,100.0,2026-01-05T22:11:36.150162
62,3,1,74.72,100.0,2026-01-10T22:11:36.150162
62,3,2,50.43,100.0,2026-01-08T22:11:36.150162
62,3,3,62.71,100.0,2026-01-10T22:11:36.150162
62,4,1,93.89,100.0,2026-01-26T22:11:36.150162
62,4,2,71.0,100.0,2026-01-16T22:11:36.150162
62,4,3,98.36,100.0,2026-01-21T22:11:36.150162
62,4,4,70.98,100.0,2026-01-17T22:11:36.150162
63,1,1,69.21,100.0,2026-01-13T22:11:36.150162
63,1,2,93.23,100.0,2026-01-28T22:11:36.150162
63,1,3,70.11,100.0,2026-01-24T22:11:36.150162
63,4,1,49.94,100.0,2026-01-26T22:11:36.150162
63,4,2,70.87,100.0,2026-01-20T22:11:36.150162
63,4,3,52.69,100.0,2026-01-23T22:11:36.150162
63,5,1,61.73,100.0,2026-01-06T22:11:36.150162
63,5,2,89.02,100.0,2026-01-07T22:11:36.150162
64,2,1,64.88,100.0,2026-01-18T22:11:36.150162
64,2,2,83.22,100.0,2026-01-13T22:11:36.150162
64,5,1,68.73,100.0,2026-01-22T22:11:36.150162
64,5,2,75.45,100.0,2026-01-08T22:11:36.150162
64,5,3,90.0,100.0,2026-01-28T22:11:36.150162
64,5,4,54.62,100.0,2026-01-24T22:11:36.150162
65,2,1,75.54,100.0,2026-01-24T22:11:36.150162
65,2,2,77.77,100.0,2026-01-27T22:11:36.150162
65,2,3,93.45,100.0,2026-01-24T22:11:36.150162
65,2,4,43.35,100.0,2026-01-20T22:11:36.150162
66,1,1,71.0,100.0,2026-01-16T22:11:36.150162
66,1,2,75.96,100.0,2026-01-10T22:11:36.150162
66,2,1,41.12,100.0,2026-01-05T22:11:36.150162
66,2,2,83.68,100.0,2026-01-02T22:11:36.150162
66,2,3,57.01,100.0,2026-01-26T22:11:36.150162
66,2,4,53.0,100.0,2026-01-09T22:11:36.150162
66,3,1,92.04,100.0,2026-01-23T22:11:36.150162
66,3,2,53.16,100.0,2026-01-15T22:11:36.150162
66,3,3,76.05,100.0,2026-01-03T22:11:36.150162
66,4,1,89.23,100.0,2026-01-23T22:11:36.150162
66,4,2,77.39,100.0,2026-01-12T22:11:36.150162
66,4,3,55.87,100.0,2026-01-05T22:11:36.150162
66,4,4,81.14,100.0,2025-12-30T22:11:36.150162
66,5,1,75.79,100.0,2026-01-26T22:11:36.150162
66,5,2,53.79,100.0,2026-01-16T22:11:36.150162
66,5,3,47.93,100.0,2026-01-28T22:11:36.150162
67,2,1,71.36,100.0,2025-12-30T22:11:36.150162
67,2,2,70.26,100.0,2026-01-15T22:11:36.150162
67,3,1,76.33,100.0,2026-01-23T22:11:36.150162
67,3,2,68.55,100.0,2026-01-09T22:11:36.150162
68,1,1,42.34,100.0,2026-01-03T22:11:36.150162
68,1,2,71.89,100.0,2026-01-04T22:11:36.150162
68,1,3,47.05,100.0,2026-01-13T22:11:36.150162
68,1,4,79.56,100.0,2025-12-31T22:11:36.150162
68,3,1,72.36,100.0,2026-01-28T22:11:36.150162
68,3,2,93.82,100.0,2026-01-04T22:11:36.150162
68,3,3,80.71,100.0,2026-01-15T22:11:36.150162
68,3,4,71.32,100.0,2026-01-17T22:11:36.150162
69,3,1,81.86,100.0,2026-01-15T22:11:36.150162
69,3,2,53.77,100.0,2026-01-03T22:11:36.150162
69,4,1,87.37,100.0,2026-01-16T22:11:36.150162
69,4,2,61.03,100.0,2026-01-03T22:11:36.150162
69,4,3,84.48,100.0,2026-01-04T22:11:36.150162
69,5,1,74.57,100.0,2026-01-15T22:11:36.150162
69,5,2,48.03,100.0,2026-01-13T22:11:36.150162
69,5,3,85.95,100.0,2025-12-30T22:11:36.150162
69,5,4,91.54,100.0,2026-01-19T22:11:36.150162
70,1,1,92.61,100.0,2026-01-15T22:11:36.150162
70,1,2,55.47,100.0,2026-01-28T22:11:36.150162
70,1,3,82.55,100.0,2026-01-03T22:11:36.150162
70,1,4,40.43,100.0,2026-01-12T22:11:36.150162
71,1,1,71.19,100.0,2026-01-16T22:11:36.150162
71,1,2,79.27,100.0,2026-01-06T22:11:36.150162
71,4,1,64.53,100.0,2026-01-25T22:11:36.150162
71,4,2,49.29,100.0,2026-01-08T22:11:36.150162
71,4,3,75.12,100.0,2026-01-20T22:11:36.150162
72,3,1,65.41,100.0,2026-01-17T22:11:36.150162
72,3,2,76.71,100.0,2026-01-07T22:11:36.150162
72,3,3,63.85,100.0,2026-01-22T22:11:36.150162
72,3,4,64.79,100.0,2026-01-03T22:11:36.150162
72,5,1,68.95,100.0,2026-01-17T22:11:36.150162
72,5,2,73.55,100.0,2026-01-13T22:11:36.150162
72,5,3,55.23,100.0,2026-01-19T22:11:36.150162
72,5,4,74.66,100.0,2026-01-04T22:11:36.150162
73,1,1,63.89,100.0,2026-01-24T22:11:36.150162
73,1,2,91.3,100.0,2026-01-07T22:11:36.150162
73,1,3,47.15,100.0,2026-01-21T22:11:36.150162
73,1,4,66.8,100.0,2026-01-06T22:11:36.150162
73,2,1,46.02,100.0,2026-01-12T22:11:36.150162
73,2,2,64.03,100.0,2026-01-18T22:11:36.150162
73,3,1,76.84,100.0,2026-01-07T22:11:36.150162
73,3,2,82.41,100.0,2026-01-23T22:11:36.150162
73,3,3,63.35,100.0,2026-01-08T22:11:36.150162
73,3,4,40.32,100.0,2026-01-26T22:11:36.150162
74,1,1,68.3,100.0,2026-01-09T22:11:36.150162
74,1,2,66.12,100.0,2026-01-26T22:11:36.150162
74,2,1,53.31,100.0,2026-01-26T22:11:36.150162
74,2,2,76.54,100.0,2026-01-05T22:11:36.150162
74,2,3,63.06,100.0,2026-01-16T22:11:36.150162
74,4,1,79.37,100.0,2026-01-19T22:11:36.150162
74,4,2,82.7,100.0,2026-01-09T22:11:36.150162
74,4,3,43.45,100.0,2026-01-04T22:11:36.150162
74,4,4,89.21,100.0,2026-01-08T22:11:36.150162
75,2,1,66.34,100.0,2026-01-22T22:11:36.150162
75,2,2,91.03,100.0,2025-12-30T22:11:36.150162
75,2,3,88.23,100.0,2026-01-19T22:11:36.150162
75,4,1,42.02,100.0,2026-01-09T22:11:36.150162
75,4,2,70.63,100.0,2026-01-06T22:11:36.150162
76,1,1,76.91,100.0,2026-01-07T22:11:36.150162
76,1,2,42.16,100.0,2026-01-21T22:11:36.150162
76,2,1,40.02,100.0,2026-01-23T22:11:36.150162
76,2,2,45.21,100.0,2026-01-20T22:11:36.150162
76,2,3,86.78,100.0,2026-01-17T22:11:36.150162
76,2,4,80.18,100.0,2026-01-16T22:11:36.150162
76,3,1,52.02,100.0,2026-01-28T22:11:36.150162
76,3,2,84.22,100.0,2026-01-26T22:11:36.150162
76,3,3,95.15,100.0,2026-01-11T22:11:36.150162
76,3,4,57.07,100.0,2026-01-02T22:11:36.150162
76,5,1,94.9,100.0,2026-01-17T22:11:36.150162
76,5,2,60.85,100.0,2026-01-02T22:11:36.150162
76,5,3,56.59,100.0,2026-01-09T22:11:36.150162
76,5,4,97.78,100.0,2026-01-14T22:11:36.150162
77,1,1,74.49,100.0,2026-01-20T22:11:36.150162
77,1,2,50.5,100.0,2026-01-12T22:11:36.150162
77,1,3,46.39,100.0,2026-01-26T22:11:36.150162
77,2,1,57.66,100.0,2025-12-29T22:11:36.151242
77,2,2,47.02,100.0,2026-01-12T22:11:36.151242
77,2,3,97.4,100.0,2025-12-31T22:11:36.151242
77,2,4,72.27,100.0,2026-01-03T22:11:36.151242
77,3,1,55.01,100.0,2026-01-14T22:11:36.151242
77,3,2,97.96,100.0,2026-01-10T22:11:36.151242
77,3,3,69.02,100.0,2026-01-21T22:11:36.151242
77,3,4,85.45,100.0,2025-12-29T22:11:36.151242
77,4,1,80.9,100.0,2025-12-31T22:11:36.151242
77,4,2,75.21,100.0,2026-01-28T22:11:36.151242
77,4,3,68.92,100.0,2026-01-20T22:11:36.151242
77,5,1,62.96,100.0,2026-01-03T22:11:36.151242
77,5,2,99.65,100.0,2026-01-07T22:11:36.151242
78,2,1,53.8,100.0,2026-01-18T22:11:36.151242
78,2,2,64.75,100.0,2026-01-17T22:11:36.151242
78,2,3,70.99,100.0,2026-01-28T22:11:36.151242
78,2,4,82.05,100.0,2026-01-20T22:11:36.151242
78,3,1,57.24,100.0,2026-01-16T22:11:36.151242
78,3,2,80.42,100.0,2026-01-02T22:11:36.151242
78,4,1,44.56,100.0,2025-12-30T22:11:36.151242
78,4,2,50.71,100.0,2026-01-18T22:11:36.151242
78,4,3,61.21,100.0,2025-12-31T22:11:36.151242
79,1,1,56.14,100.0,2025-12-29T22:11:36.151242
79,1,2,84.77,100.0,2025-12-30T22:11:36.151242
79,1,3,94.6,100.0,2026-01-13T22:11:36.151242
79,1,4,84.23,100.0,2026-01-21T22:11:36.151242
79,2,1,54.52,100.0,2026-01-20T22:11:36.151242
79,2,2,52.41,100.0,2026-01-22T22:11:36.151242
79,2,3,90.1,100.0,2026-01-02T22:11:36.151242
79,2,4,77.12,100.0,2026-01-24T22:11:36.151242
79,3,1,47.19,100.0,2026-01-26T22:11:36.151242
79,3,2,80.55,100.0,2026-01-07T22:11:36.151242
79,4,1,76.83,100.0,2026-01-04T22:11:36.151242
79,4,2,91.43,100.0,2025-12-29T22:11:36.151242
79,4,3,42.54,100.0,2026-01-13T22:11:36.151242
79,5,1,77.24,100.0,2026-01-13T22:11:36.151242
79,5,2,93.89,100.0,2025-12-31T22:11:36.151242
79,5,3,93.82,100.0,2026-01-01T22:11:36.151242
80,1,1,69.45,100.0,2026-01-04T22:11:36.151242
80,1,2,94.96,100.0,2026-01-20T22:11:36.151242
80,1,3,63.87,100.0,2026-01-04T22:11:36.151242
80,2,1,47.69,100.0,2026-01-12T22:11:36.151242
80,2,2,87.96,100.0,2026-01-13T22:11:36.151242
80,2,3,96.38,100.0,2026-01-27T22:11:36.151242
80,2,4,70.15,100.0,2026-01-16T22:11:36.151242
80,3,1,86.55,100.0,2026-01-14T22:11:36.151242
80,3,2,98.59,100.0,2026-01-06T22:11:36.151242
80,3,3,71.09,100.0,2026-01-18T22:11:36.151242
80,3,4,81.35,100.0,2026-01-28T22:11:36.151242
80,4,1,52.65,100.0,2026-01-10T22:11:36.151242
80,4,2,46.04,100.0,2026-01-17T22:11:36.151242
80,4,3,76.77,100.0,2026-01-20T22:11:36.151242
80,4,4,51.23,100.0,2026-01-20T22:11:36.151242
81,1,1,56.16,100.0,2025-12-29T22:11:36.151242
81,1,2,76.79,100.0,2026-01-17T22:11:36.151242
81,4,1,69.93,100.0,2026-01-22T22:11:36.151242
81,4,2,65.15,100.0,2026-01-04T22:11:36.151242
81,5,1,61.9,100.0,2026-01-16T22:11:36.151242
81,5,2,56.78,100.0,2026-01-23T22:11:36.151242
81,5,3,74.28,100.0,2026-01-10T22:11:36.151242
82,1,1,53.71,100.0,2026-01-25T22:11:36.151242
82,1,2,83.25,100.0,2026-01-03T22:11:36.151242
82,1,3,54.15,100.0,2026-01-15T22:11:36.151242
82,1,4,91.38,100.0,2026-01-22T22:11:36.151242
82,3,1,88.0,100.0,2026-01-05T22:11:36.151242
82,3,2,48.97,100.0,2026-01-03T22:11:36.151242
83,1,1,50.6,100.0,2026-01-13T22:11:36.151242
83,1,2,48.07,100.0,2025-12-31T22:11:36.151242
83,3,1,71.02,100.0,2026-01-05T22:11:36.151242
83,3,2,58.94,100.0,2026-01-13T22:11:36.151242
83,3,3,58.0,100.0,2026-01-11T22:11:36.151242
83,3,4,91.51,100.0,2026-01-27T22:11:36.151242
84,1,1,45.94,100.0,2026-01-23T22:11:36.151242
84,1,2,43.6,100.0,2026-01-02T22:11:36.151242
84,1,3,55.26,100.0,2026-01-02T22:11:36.151242
84,2,1,45.78,100.0,2026-01-05T22:11:36.151242
84,2,2,60.08,100.0,2026-01-17T22:11:36.151242
84,2,3,61.62,100.0,2026-01-11T22:11:36.151242
84,2,4,95.91,100.0,2026-01-20T22:11:36.151242
84,4,1,41.19,100.0,2026-01-25T22:11:36.151242
84,4,2,61.07,100.0,2026-01-07T22:11:36.151242
84,4,3,97.79,100.0,2026-01-22T22:11:36.151242
85,2,1,74.55,100.0,2026-01-08T22:11:36.151242
85,2,2,72.31,100.0,2026-01-04T22:11:36.151242
85,2,3,57.08,100.0,2026-01-18T22:11:36.151242
85,2,4,80.39,100.0,2026-01-13T22:11:36.151242
85,4,1,66.82,100.0,2026-01-26T22:11:36.151242
85,4,2,62.86,100.0,2026-01-19T22:11:36.151242
85,4,3,67.83,100.0,2025-12-29T22:11:36.151242
85,4,4,48.69,100.0,2026-01-23T22:11:36.151242
85,5,1,88.46,100.0,2026-01-18T22:11:36.151242
85,5,2,65.31,100.0,2026-01-09T22:11:36.151242
85,5,3,74.3,100.0,2026-01-01T22:11:36.151242
85,5,4,94.42,100.0,2026-01-26T22:11:36.151242
86,1,1,60.62,100.0,2026-01-18T22:11:36.151242
86,1,2,59.01,100.0,2026-01-19T22:11:36.151242
86,4,1,56.05,100.0,2026-01-08T22:11:36.151242
86,4,2,63.73,100.0,2025-12-31T22:11:36.151242
86,4,3,66.69,100.0,2026-01-01T22:11:36.151242
86,4,4,96.33,100.0,2026-01-05T22:11:36.151242
86,5,1,71.26,100.0,2026-01-14T22:11:36.151242
86,5,2,64.84,100.0,2026-01-23T22:11:36.151242
86,5,3,91.25,100.0,2026-01-24T22:11:36.151242
86,5,4,83.67,100.0,2026-01-07T22:11:36.151242
88,3,1,96.43,100.0,2026-01-06T22:11:36.151242
88,3,2,84.98,100.0,2026-01-22T22:11:36.151242
88,3,3,50.01,100.0,2026-01-25T22:11:36.151242
88,4,1,43.83,100.0,2025-12-31T22:11:36.151242
88,4,2,68.39,100.0,2026-01-27T22:11:36.151242
90,3,1,86.26,100.0,2026-01-12T22:11:36.151242
90,3,2,85.9,100.0,2026-01-26T22:11:36.151242
90,4,1,55.75,100.0,2026-01-24T22:11:36.151242
90,4,2,45.06,100.0,2025-12-30T22:11:36.151242
90,5,1,58.56,100.0,2026-01-21T22:11:36.151242
90,5,2,84.26,100.0,2026-01-14T22:11:36.151242
90,5,3,77.59,100.0,2026-01-24T22:11:36.151242
91,4,1,90.31,100.0,2026-01-28T22:11:36.151242
91,4,2,42.11,100.0,2026-01-17T22:11:36.151242
91,4,3,91.62,100.0,2026-01-18T22:11:36.151242
91,4,4,91.85,100.0,2026-01-14T22:11:36.151242
92,1,1,96.09,100.0,2026-01-11T22:11:36.151242
92,1,2,66.69,100.0,2025-12-29T22:11:36.151242
92,1,3,81.86,100.0,2026-01-23T22:11:36.151242
92,1,4,75.45,100.0,2026-01-14T22:11:36.151242
92,2,1,84.93,100.0,2025-12-31T22:11:36.151242
92,2,2,73.84,100.0,2026-01-12T22:11:36.151242
92,2,3,78.39,100.0,2026-01-11T22:11:36.151242
92,2,4,58.58,100.0,2026-01-17T22:11:36.151242
92,3,1,72.38,100.0,2026-01-03T22:11:36.151242
92,3,2,45.37,100.0,2026-01-19T22:11:36.151242
92,3,3,61.95,100.0,2026-01-20T22:11:36.151242
92,5,1,58.21,100.0,2026-01-28T22:11:36.151242
92,5,2,71.4,100.0,2026-01-04T22:11:36.151242
93,2,1,60.63,100.0,2026-01-13T22:11:36.151242
93,2,2,72.11,100.0,2026-01-06T22:11:36.151242
93,3,1,96.82,100.0,2026-01-13T22:11:36.151242
93,3,2,57.98,100.0,2026-01-04T22:11:36.151242
93,3,3,65.83,100.0,2026-01-19T22:11:36.151242
94,1,1,53.87,100.0,2026-01-28T22:11:36.151242
94,1,2,72.89,100.0,2026-01-22T22:11:36.151242
94,1,3,64.7,100.0,2026-01-11T22:11:36.151242
94,1,4,66.23,100.0,2026-01-21T22:11:36.151242
94,4,1,82.9,100.0,2026-01-08T22:11:36.151242
94,4,2,63.38,100.0,2026-01-16T22:11:36.151242
95,1,1,55.78,100.0,2026-01-15T22:11:36.151242
95,1,2,77.52,100.0,2026-01-12T22:11:36.151242
96,1,1,88.45,100.0,2026-01-07T22:11:36.151242
96,1,2,56.31,100.0,2026-01-08T22:11:36.151242
96,1,3,84.58,100.0,2026-01-03T22:11:36.151242
96,1,4,56.13,100.0,2026-01-22T22:11:36.151242
96,3,1,50.94,100.0,2026-01-19T22:11:36.151242
96,3,2,46.62,100.0,2026-01-14T22:11:36.151242
97,1,1,67.17,100.0,2026-01-06T22:11:36.151242
97,1,2,77.37,100.0,2026-01-22T22:11:36.151242
97,1,3,59.24,100.0,2026-01-24T22:11:36.151242
97,1,4,42.98,100.0,2026-01-11T22:11:36.151242
97,2,1,51.16,100.0,2026-01-25T22:11:36.151242
97,2,2,56.93,100.0,2026-01-24T22:11:36.151242
98,1,1,66.3,100.0,2026-01-28T22:11:36.151242
98,1,2,53.97,100.0,2026-01-24T22:11:36.151242
98,1,3,40.88,100.0,2026-01-22T22:11:36.151242
98,1,4,60.51,100.0,2026-01-19T22:11:36.151242
98,3,1,99.88,100.0,2026-01-14T22:11:36.151242
98,3,2,81.82,100.0,2026-01-27T22:11:36.151242
98,3,3,59.81,100.0,2026-01-02T22:11:36.151242
98,5,1,43.36,100.0,2026-01-04T22:11:36.151242
98,5,2,63.55,100.0,2026-01-11T22:11:36.151242
99,1,1,50.9,100.0,2025-12-31T22:11:36.151242
99,1,2,90.49,100.0,2026-01-02T22:11:36.151242
99,1,3,62.89,100.0,2026-01-28T22:11:36.151242
99,3,1,98.48,100.0,2026-01-06T22:11:36.151242
99,3,2,54.94,100.0,2026-01-04T22:11:36.151242
100,1,1,54.83,100.0,2026-01-27T22:11:36.151242
100,1,2,51.95,100.0,2026-01-05T22:11:36.151242
100,1,3,86.26,100.0,2026-01-12T22:11:36.151242
100,4,1,98.93,100.0,2026-01-13T22:11:36.151242
100,4,2,63.35,100.0,2025-12-29T22:11:36.151242
100,4,3,58.73,100.0,2026-01-18T22:11:36.151242
100,4,4,49.52,100.0,2026-01-05T22:11:36.151242
100,5,1,84.68,100.0,2026-01-11T22:11:36.151242
100,5,2,71.26,100.0,2026-01-20T22:11:36.151242
101,1,1,78.31,100.0,2026-01-22T22:11:36.151242
101,1,2,61.63,100.0,2026-01-27T22:11:36.151242
101,1,3,91.82,100.0,2026-01-22T22:11:36.151242
101,2,1,54.16,100.0,2026-01-15T22:11:36.151242
101,2,2,59.47,100.0,2026-01-23T22:11:36.151242
101,3,1,75.08,100.0,2026-01-16T22:11:36.151242
101,3,2,87.35,100.0,2026-01-28T22:11:36.151242
101,3,3,98.13,100.0,2026-01-10T22:11:36.151242
103,1,1,68.52,100.0,2026-01-09T22:11:36.151242
103,1,2,49.3,100.0,2026-01-04T22:11:36.151242
103,1,3,45.37,100.0,2026-01-23T22:11:36.151242
103,1,4,70.0,100.0,2026-01-07T22:11:36.151242
103,2,1,60.31,100.0,2026-01-04T22:11:36.151242
103,2,2,77.51,100.0,2026-01-27T22:11:36.151242
103,2,3,61.33,100.0,2026-01-24T22:11:36.151242
103,2,4,82.08,100.0,2026-01-03T22:11:36.151242
103,3,1,47.55,100.0,2026-01-21T22:11:36.151242
103,3,2,59.0,100.0,2026-01-11T22:11:36.151242
103,4,1,85.4,100.0,2026-01-03T22:11:36.151242
103,4,2,93.51,100.0,2026-01-05T22:11:36.151242
103,4,3,51.58,100.0,2026-01-06T22:11:36.151242
103,4,4,62.67,100.0,2026-01-05T22:11:36.151242
104,1,1,55.04,100.0,2026-01-27T22:11:36.151242
104,1,2,69.12,100.0,2026-01-14T22:11:36.151242
104,2,1,57.68,100.0,2026-01-06T22:11:36.151242
104,2,2,69.41,100.0,2026-01-10T22:11:36.151242
104,2,3,51.2,100.0,2026-01-17T22:11:36.151242
104,2,4,59.42,100.0,2026-01-14T22:11:36.151242
104,3,1,92.06,100.0,2026-01-09T22:11:36.151242
104,3,2,94.87,100.0,2026-01-11T22:11:36.151242
104,3,3,49.62,100.0,2026-01-12T22:11:36.151242
104,4,1,66.96,100.0,2026-01-02T22:11:36.151242
104,4,2,55.8,100.0,2026-01-17T22:11:36.151242
105,2,1,40.04,100.0,2026-01-08T22:11:36.151242
105,2,2,70.36,100.0,2026-01-05T22:11:36.151242
105,2,3,51.13,100.0,2026-01-28T22:11:36.151242
105,3,1,91.41,100.0,2026-01-04T22:11:36.151242
105,3,2,77.21,100.0,2026-01-18T22:11:36.151242
105,3,3,83.26,100.0,2026-01-07T22:11:36.151242
105,3,4,98.03,100.0,2026-01-02T22:11:36.151242
105,4,1,51.39,100.0,2026-01-07T22:11:36.151242
105,4,2,69.85,100.0,2026-01-11T22:11:36.151242
105,4,3,49.25,100.0,2026-01-19T22:11:36.151242
105,5,1,64.59,100.0,2026-01-18T22:11:36.151242
105,5,2,46.63,100.0,2026-01-12T22:11:36.151242
105,5,3,79.53,100.0,2026-01-27T22:11:36.151242
106,4,1,50.72,100.0,2026-01-27T22:11:36.151242
106,4,2,52.12,100.0,2026-01-13T22:11:36.151242
106,5,1,45.93,100.0,2026-01-10T22:11:36.151242
106,5,2,78.51,100.0,2026-01-16T22:11:36.151242
107,2,1,69.39,100.0,2026-01-09T22:11:36.151242
107,2,2,82.08,100.0,2026-01-20T22:11:36.151242
107,2,3,42.95,100.0,2026-01-21T22:11:36.151242
107,2,4,76.36,100.0,2026-01-26T22:11:36.151242
107,3,1,95.81,100.0,2026-01-22T22:11:36.151242
107,3,2,79.34,100.0,2025-12-30T22:11:36.151242
107,5,1,68.08,100.0,2026-01-08T22:11:36.151242
107,5,2,43.64,100.0,2026-01-11T22:11:36.151242
108,1,1,96.29,100.0,2026-01-15T22:11:36.151242
108,1,2,89.32,100.0,2026-01-03T22:11:36.151242
108,1,3,82.51,100.0,2026-01-02T22:11:36.151242
108,1,4,77.02,100.0,2026-01-12T22:11:36.151242
108,2,1,84.06,100.0,2026-01-02T22:11:36.151242
108,2,2,58.23,100.0,2025-12-29T22:11:36.151242
108,4,1,97.64,100.0,2026-01-25T22:11:36.151242
108,4,2,46.07,100.0,2026-01-21T22:11:36.151242
108,5,1,63.12,100.0,2026-01-22T22:11:36.151242
108,5,2,71.57,100.0,2026-01-21T22:11:36.151242
108,5,3,74.2,100.0,2025-12-29T22:11:36.151242
108,5,4,50.73,100.0,2026-01-05T22:11:36.151242
109,1,1,64.91,100.0,2026-01-25T22:11:36.151242
109,1,2,85.98,100.0,2026-01-10T22:11:36.151242
109,1,3,61.48,100.0,2026-01-14T22:11:36.151242
109,1,4,82.15,100.0,2026-01-15T22:11:36.151242
109,3,1,50.01,100.0,2026-01-23T22:11:36.151242
109,3,2,73.0,100.0,2026-01-12T22:11:36.151242
109,4,1,79.45,100.0,2026-01-11T22:11:36.151242
109,4,2,99.91,100.0,2026-01-14T22:11:36.151242
109,4,3,96.01,100.0,2025-12-31T22:11:36.151242
110,1,1,73.0,100.0,2026-01-18T22:11:36.151242
110,1,2,90.69,100.0,2026-01-15T22:11:36.151242
110,1,3,85.85,100.0,2026-01-15T22:11:36.151242
110,2,1,59.41,100.0,2026-01-21T22:11:36.151242
110,2,2,73.79,100.0,2026-01-22T22:11:36.151242
110,2,3,62.5,100.0,2026-01-11T22:11:36.151242
110,2,4,95.57,100.0,2026-01-20T22:11:36.151242
110,5,1,97.7,100.0,2026-01-14T22:11:36.151242
110,5,2,97.59,100.0,2026-01-28T22:11:36.151242
110,5,3,83.58,100.0,2026-01-19T22:11:36.151242
111,1,1,40.98,100.0,2026-01-24T22:11:36.151242
111,1,2,99.6,100.0,2026-01-19T22:11:36.151242
111,1,3,40.39,100.0,2026-01-21T22:11:36.151242
111,1,4,52.89,100.0,2026-01-18T22:11:36.151242
111,3,1,86.29,100.0,2025-12-29T22:11:36.151242
111,3,2,81.38,100.0,2026-01-20T22:11:36.151242
112,1,1,70.68,100.0,2026-01-10T22:11:36.151242
112,1,2,95.56,100.0,2026-01-24T22:11:36.151242
112,1,3,45.66,100.0,2026-01-14T22:11:36.151242
112,1,4,61.34,100.0,2026-01-24T22:11:36.151242
112,2,1,62.02,100.0,2026-01-10T22:11:36.151242
112,2,2,54.99,100.0,2026-01-20T22:11:36.151242
112,2,3,88.66,100.0,2026-01-26T22:11:36.151242
112,3,1,63.99,100.0,2025-12-30T22:11:36.151242
112,3,2,53.05,100.0,2026-01-26T22:11:36.151242
112,3,3,83.41,100.0,2026-01-03T22:11:36.151242
112,3,4,68.95,100.0,2026-01-13T22:11:36.151242
112,4,1,82.17,100.0,2026-01-02T22:11:36.151242
112,4,2,94.46,100.0,2026-01-09T22:11:36.151242
112,4,3,78.54,100.0,2026-01-27T22:11:36.151242
112,4,4,83.85,100.0,2026-01-10T22:11:36.151242
112,5,1,44.71,100.0,2026-01-27T22:11:36.151242
112,5,2,95.31,100.0,2026-01-18T22:11:36.151242
112,5,3,60.88,100.0,2026-01-02T22:11:36.151242
113,1,1,64.99,100.0,2026-01-01T22:11:36.151242
113,1,2,47.23,100.0,2026-01-04T22:11:36.151242
113,1,3,53.6,100.0,2026-01-08T22:11:36.151242
113,2,1,95.72,100.0,2026-01-08T22:11:36.151242
113,2,2,86.65,100.0,2026-01-16T22:11:36.151242
113,2,3,43.25,100.0,2026-01-12T22:11:36.151242
113,2,4,42.47,100.0,2026-01-11T22:11:36.151242
113,3,1,48.97,100.0,2026-01-12T22:11:36.151242
113,3,2,81.87,100.0,2026-01-24T22:11:36.151242
113,3,3,43.03,100.0,2026-01-05T22:11:36.151242
113,3,4,99.84,100.0,2026-01-14T22:11:36.151242
114,1,1,74.52,100.0,2026-01-26T22:11:36.151242
114,1,2,53.33,100.0,2026-01-19T22:11:36.151242
114,1,3,87.18,100.0,2026-01-24T22:11:36.151242
114,1,4,47.93,100.0,2026-01-26T22:11:36.151242
115,1,1,74.29,100.0,2026-01-27T22:11:36.151242
115,1,2,72.89,100.0,2026-01-20T22:11:36.151242
115,1,3,45.1,100.0,2026-01-12T22:11:36.151242
115,3,1,86.43,100.0,2026-01-24T22:11:36.151242
115,3,2,85.72,100.0,2026-01-13T22:11:36.151242
115,3,3,73.56,100.0,2026-01-13T22:11:36.151242
115,5,1,79.13,100.0,2026-01-22T22:11:36.151242
115,5,2,73.67,100.0,2026-01-05T22:11:36.151242
115,5,3,71.45,100.0,2026-01-21T22:11:36.151242
116,2,1,55.98,100.0,2026-01-15T22:11:36.151242
116,2,2,59.4,100.0,2025-12-30T22:11:36.151242
116,3,1,45.38,100.0,2026-01-07T22:11:36.151242
116,3,2,64.81,100.0,2026-01-17T22:11:36.151242
116,3,3,60.9,100.0,2026-01-18T22:11:36.151242
116,3,4,60.67,100.0,2026-01-08T22:11:36.151242
116,4,1,86.18,100.0,2026-01-23T22:11:36.151242
116,4,2,99.26,100.0,2026-01-09T22:11:36.151242
116,5,1,77.39,100.0,2026-01-14T22:11:36.151242
116,5,2,42.69,100.0,2026-01-02T22:11:36.151242
116,5,3,54.01,100.0,2026-01-07T22:11:36.151242
117,3,1,49.36,100.0,2026-01-05T22:11:36.151242
117,3,2,91.17,100.0,2026-01-25T22:11:36.151242
117,3,3,84.37,100.0,2026-01-21T22:11:36.151242
117,5,1,95.6,100.0,2026-01-01T22:11:36.151242
117,5,2,89.95,100.0,2026-01-19T22:11:36.151242
117,5,3,40.82,100.0,2026-01-06T22:11:36.151242
117,5,4,88.26,100.0,2026-01-19T22:11:36.151242
118,1,1,68.27,100.0,2026-01-18T22:11:36.151242
118,1,2,52.54,100.0,2026-01-11T22:11:36.151242
118,1,3,52.71,100.0,2026-01-11T22:11:36.151242
118,4,1,85.02,100.0,2026-01-11T22:11:36.151242
118,4,2,68.98,100.0,2026-01-05T22:11:36.151242
118,4,3,99.54,100.0,2026-01-06T22:11:36.151242
118,4,4,81.93,100.0,2026-01-28T22:11:36.151242
118,5,1,74.98,100.0,2026-01-07T22:11:36.151242
118,5,2,71.61,100.0,2026-01-20T22:11:36.151242
118,5,3,50.22,100.0,2026-01-19T22:11:36.151242
119,1,1,87.35,100.0,2026-01-09T22:11:36.151242
119,1,2,56.28,100.0,2026-01-14T22:11:36.151242
119,3,1,96.71,100.0,2026-01-26T22:11:36.151242
119,3,2,63.32,100.0,2026-01-20T22:11:36.151242
119,3,3,79.78,100.0,2025-12-30T22:11:36.151242
119,3,4,79.61,100.0,2026-01-01T22:11:36.151242
119,5,1,41.14,100.0,2026-01-01T22:11:36.151242
119,5,2,93.0,100.0,2026-01-16T22:11:36.151242
120,1,1,98.79,100.0,2026-01-12T22:11:36.151242
120,1,2,98.6,100.0,2026-01-25T22:11:36.151242
120,2,1,69.08,100.0,2026-01-09T22:11:36.151242
120,2,2,71.89,100.0,2026-01-23T22:11:36.151242
120,2,3,51.93,100.0,2025-12-29T22:11:36.151242
120,3,1,73.64,100.0,2026-01-06T22:11:36.151242
120,3,2,41.29,100.0,2026-01-21T22:11:36.151242
120,3,3,95.34,100.0,2026-01-19T22:11:36.151242
121,2,1,69.4,100.0,2026-01-05T22:11:36.151242
121,2,2,49.42,100.0,2026-01-17T22:11:36.151242
121,2,3,81.06,100.0,2026-01-17T22:11:36.151242
121,3,1,58.14,100.0,2026-01-12T22:11:36.151242
121,3,2,56.55,100.0,2026-01-27T22:11:36.151242
121,3,3,77.55,100.0,2025-12-31T22:11:36.151242
121,3,4,63.23,100.0,2026-01-02T22:11:36.151242
121,5,1,96.65,100.0,2025-12-29T22:11:36.151242
121,5,2,56.81,100.0,2026-01-24T22:11:36.151242
122,2,1,93.83,100.0,2026-01-07T22:11:36.151242
122,2,2,48.24,100.0,2026-01-05T22:11:36.151242
122,2,3,62.93,100.0,2025-12-29T22:11:36.151242
122,3,1,76.75,100.0,2026-01-08T22:11:36.151242
122,3,2,81.19,100.0,2026-01-15T22:11:36.151242
122,3,3,54.42,100.0,2026-01-24T22:11:36.151242
122,3,4,65.59,100.0,2026-01-19T22:11:36.151242
122,4,1,59.76,100.0,2026-01-11T22:11:36.151242
122,4,2,47.91,100.0,2026-01-08T22:11:36.151242
122,4,3,48.31,100.0,2026-01-11T22:11:36.151242
122,4,4,81.04,100.0,2026-01-22T22:11:36.151242
122,5,1,58.54,100.0,2026-01-06T22:11:36.151242
122,5,2,93.92,100.0,2025-12-30T22:11:36.151242
123,2,1,65.8,100.0,2025-12-30T22:11:36.151242
123,2,2,98.55,100.0,2026-01-24T22:11:36.151242
123,3,1,95.98,100.0,2025-12-30T22:11:36.151242
123,3,2,49.48,100.0,2026-01-26T22:11:36.151242
123,3,3,73.44,100.0,2025-12-29T22:11:36.151242
123,3,4,83.17,100.0,2026-01-23T22:11:36.151242
124,1,1,90.37,100.0,2026-01-24T22:11:36.151242
124,1,2,83.62,100.0,2026-01-04T22:11:36.151242
124,1,3,59.12,100.0,2026-01-15T22:11:36.151242
124,2,1,58.2,100.0,2026-01-05T22:11:36.151242
124,2,2,96.03,100.0,2025-12-31T22:11:36.151242
124,2,3,78.21,100.0,2026-01-05T22:11:36.151242
124,3,1,49.12,100.0,2026-01-22T22:11:36.151242
124,3,2,46.41,100.0,2026-01-23T22:11:36.151242
124,3,3,41.57,100.0,2026-01-09T22:11:36.151242
124,4,1,56.01,100.0,2026-01-10T22:11:36.151242
124,4,2,76.74,100.0,2026-01-09T22:11:36.151242
124,4,3,53.93,100.0,2026-01-07T22:11:36.152162
124,4,4,41.57,100.0,2026-01-26T22:11:36.152162
125,2,1,86.79,100.0,2026-01-24T22:11:36.152162
125,2,2,70.14,100.0,2026-01-09T22:11:36.152162
125,2,3,68.13,100.0,2026-01-08T22:11:36.152162
125,2,4,62.44,100.0,2026-01-01T22:11:36.152162
126,1,1,69.49,100.0,2026-01-24T22:11:36.152162
126,1,2,49.83,100.0,2026-01-21T22:11:36.152162
126,1,3,41.93,100.0,2026-01-04T22:11:36.152162
126,2,1,95.53,100.0,2025-12-29T22:11:36.152162
126,2,2,64.78,100.0,2026-01-05T22:11:36.152162
126,4,1,99.29,100.0,2026-01-04T22:11:36.152162
126,4,2,52.27,100.0,2026-01-23T22:11:36.152162
126,4,3,95.63,100.0,2026-01-14T22:11:36.152162
126,4,4,92.03,100.0,2026-01-13T22:11:36.152162
127,1,1,59.49,100.0,2026-01-14T22:11:36.152162
127,1,2,93.26,100.0,2026-01-15T22:11:36.152162
127,1,3,64.29,100.0,2026-01-27T22:11:36.152162
127,1,4,76.48,100.0,2026-01-02T22:11:36.152162
127,3,1,83.21,100.0,2026-01-16T22:11:36.152162
127,3,2,76.69,100.0,2026-01-05T22:11:36.152162
127,3,3,74.32,100.0,2026-01-11T22:11:36.152162
127,5,1,78.48,100.0,2026-01-06T22:11:36.152162
127,5,2,87.22,100.0,2026-01-12T22:11:36.152162
127,5,3,46.56,100.0,2026-01-14T22:11:36.152162
127,5,4,89.62,100.0,2026-01-27T22:11:36.152162
128,1,1,71.12,100.0,2026-01-16T22:11:36.152162
128,1,2,99.03,100.0,2026-01-27T22:11:36.152162
128,2,1,63.24,100.0,2026-01-04T22:11:36.152162
128,2,2,77.84,100.0,2026-01-27T22:11:36.152162
128,2,3,51.39,100.0,2026-01-14T22:11:36.152162
128,2,4,63.88,100.0,2026-01-19T22:11:36.152162
128,3,1,67.68,100.0,2026-01-15T22:11:36.152162
128,3,2,57.67,100.0,2025-12-30T22:11:36.152162
128,3,3,43.27,100.0,2026-01-12T22:11:36.152162
128,5,1,67.81,100.0,2026-01-08T22:11:36.152162
128,5,2,67.1,100.0,2026-01-05T22:11:36.152162
129,2,1,46.79,100.0,2026-01-04T22:11:36.152162
129,2,2,75.13,100.0,2025-12-31T22:11:36.152162
129,2,3,81.77,100.0,2026-01-24T22:11:36.152162
129,2,4,63.58,100.0,2026-01-18T22:11:36.152162
129,3,1,41.49,100.0,2026-01-14T22:11:36.152162
129,3,2,75.42,100.0,2026-01-06T22:11:36.152162
129,3,3,93.75,100.0,2025-12-31T22:11:36.152162
129,4,1,45.41,100.0,2026-01-18T22:11:36.152162
129,4,2,81.5,100.0,2025-12-30T22:11:36.152162
129,4,3,82.69,100.0,2026-01-23T22:11:36.152162
129,5,1,84.0,100.0,2026-01-26T22:11:36.152162
129,5,2,46.85,100.0,2026-01-14T22:11:36.152162
129,5,3,78.04,100.0,2026-01-26T22:11:36.152162
129,5,4,71.43,100.0,2026-01-16T22:11:36.152162
130,3,1,87.46,100.0,2026-01-12T22:11:36.152162
130,3,2,76.72,100.0,2026-01-23T22:11:36.152162
130,3,3,62.72,100.0,2026-01-16T22:11:36.152162
130,3,4,42.63,100.0,2026-01-23T22:11:36.152162
131,2,1,73.93,100.0,2026-01-07T22:11:36.152162
131,2,2,91.76,100.0,2026-01-23T22:11:36.152162
131,2,3,92.13,100.0,2026-01-23T22:11:36.152162
131,4,1,43.08,100.0,2026-01-19T22:11:36.152162
131,4,2,58.57,100.0,2026-01-04T22:11:36.152162
131,4,3,97.66,100.0,2026-01-19T22:11:36.152162
131,4,4,77.59,100.0,2026-01-25T22:11:36.152162
131,5,1,97.63,100.0,2026-01-28T22:11:36.152162
131,5,2,77.35,100.0,2026-01-20T22:11:36.152162
132,1,1,67.52,100.0,2026-01-01T22:11:36.152162
132,1,2,69.92,100.0,2026-01-03T22:11:36.152162
132,2,1,76.48,100.0,2026-01-13T22:11:36.152162
132,2,2,54.27,100.0,2026-01-10T22:11:36.152162
132,3,1,68.54,100.0,2026-01-15T22:11:36.152162
132,3,2,66.51,100.0,2026-01-09T22:11:36.152162
132,3,3,76.01,100.0,2026-01-21T22:11:36.152162
132,3,4,92.93,100.0,2026-01-20T22:11:36.152162
133,4,1,77.72,100.0,2026-01-02T22:11:36.152162
133,4,2,89.52,100.0,2026-01-27T22:11:36.152162
133,4,3,51.09,100.0,2026-01-27T22:11:36.152162
133,4,4,79.2,100.0,2026-01-27T22:11:36.152162
134,1,1,91.23,100.0,2026-01-07T22:11:36.152162
134,1,2,74.69,100.0,2026-01-09T22:11:36.152162
134,2,1,59.87,100.0,2026-01-26T22:11:36.152162
134,2,2,42.94,100.0,2026-01-15T22:11:36.152162
134,2,3,99.62,100.0,2026-01-23T22:11:36.152162
134,3,1,57.06,100.0,2026-01-07T22:11:36.152162
134,3,2,81.49,100.0,2026-01-09T22:11:36.152162
134,3,3,74.34,100.0,2026-01-11T22:11:36.152162
134,3,4,50.65,100.0,2026-01-14T22:11:36.152162
134,4,1,74.74,100.0,2025-12-30T22:11:36.152162
134,4,2,42.15,100.0,2026-01-04T22:11:36.152162
134,4,3,57.96,100.0,2026-01-17T22:11:36.152162
134,4,4,93.85,100.0,2026-01-02T22:11:36.152162
135,4,1,85.51,100.0,2026-01-02T22:11:36.152162
135,4,2,73.03,100.0,2026-01-19T22:11:36.152162
135,5,1,48.07,100.0,2026-01-06T22:11:36.152162
135,5,2,91.56,100.0,2026-01-18T22:11:36.152162
135,5,3,71.62,100.0,2026-01-12T22:11:36.152162
136,2,1,81.75,100.0,2026-01-09T22:11:36.152162
136,2,2,43.49,100.0,2026-01-10T22:11:36.152162
137,1,1,98.76,100.0,2026-01-12T22:11:36.152162
137,1,2,99.23,100.0,2026-01-13T22:11:36.152162
137,1,3,83.44,100.0,2026-01-09T22:11:36.152162
137,1,4,96.03,100.0,2026-01-06T22:11:36.152162
137,2,1,65.62,100.0,2026-01-01T22:11:36.152162
137,2,2,58.99,100.0,2026-01-12T22:11:36.152162
137,2,3,74.51,100.0,2026-01-09T22:11:36.152162
138,1,1,95.63,100.0,2026-01-09T22:11:36.152162
138,1,2,73.76,100.0,2026-01-12T22:11:36.152162
138,1,3,83.75,100.0,2026-01-13T22:11:36.152162
138,2,1,88.48,100.0,2025-12-31T22:11:36.152162
138,2,2,76.56,100.0,2026-01-06T22:11:36.152162
138,2,3,57.43,100.0,2026-01-22T22:11:36.152162
138,3,1,47.09,100.0,2026-01-14T22:11:36.152162
138,3,2,77.53,100.0,2026-01-25T22:11:36.152162
138,5,1,90.88,100.0,2026-01-03T22:11:36.152162
138,5,2,76.92,100.0,2026-01-15T22:11:36.152162
138,5,3,64.84,100.0,2026-01-18T22:11:36.152162
138,5,4,60.98,100.0,2026-01-03T22:11:36.152162
139,3,1,52.74,100.0,2026-01-08T22:11:36.152162
139,3,2,52.07,100.0,2026-01-19T22:11:36.152162
139,3,3,55.27,100.0,2026-01-26T22:11:36.152162
139,3,4,58.47,100.0,2026-01-12T22:11:36.152162
139,4,1,59.44,100.0,2026-01-28T22:11:36.152162
139,4,2,46.83,100.0,2026-01-18T22:11:36.152162
139,4,3,60.48,100.0,2026-01-05T22:11:36.152162
139,4,4,74.14,100.0,2025-12-29T22:11:36.152162
141,2,1,89.92,100.0,2026-01-22T22:11:36.152162
141,2,2,59.83,100.0,2026-01-18T22:11:36.152162
141,4,1,68.75,100.0,2026-01-13T22:11:36.152162
141,4,2,87.84,100.0,2026-01-08T22:11:36.152162
141,4,3,48.15,100.0,2026-01-24T22:11:36.152162
141,4,4,77.63,100.0,2025-12-31T22:11:36.152162
141,5,1,93.76,100.0,2026-01-14T22:11:36.152162
141,5,2,87.04,100.0,2026-01-15T22:11:36.152162
141,5,3,95.67,100.0,2026-01-27T22:11:36.152162
141,5,4,90.11,100.0,2026-01-19T22:11:36.152162
142,1,1,83.5,100.0,2026-01-18T22:11:36.152162
142,1,2,73.31,100.0,2026-01-28T22:11:36.152162
142,1,3,52.5,100.0,2026-01-07T22:11:36.152162
142,1,4,59.9,100.0,2025-12-30T22:11:36.152162
142,2,1,43.97,100.0,2026-01-24T22:11:36.152162
142,2,2,56.83,100.0,2026-01-28T22:11:36.152162
142,2,3,60.35,100.0,2026-01-16T22:11:36.152162
142,4,1,72.06,100.0,2026-01-23T22:11:36.152162
142,4,2,74.26,100.0,2026-01-16T22:11:36.152162
142,4,3,51.24,100.0,2026-01-25T22:11:36.152162
142,4,4,91.88,100.0,2026-01-04T22:11:36.152162
142,5,1,82.32,100.0,2026-01-18T22:11:36.152162
142,5,2,82.59,100.0,2026-01-20T22:11:36.152162
142,5,3,64.83,100.0,2026-01-13T22:11:36.152162
143,2,1,62.3,100.0,2026-01-02T22:11:36.152162
143,2,2,97.04,100.0,2026-01-22T22:11:36.152162
143,3,1,58.14,100.0,2026-01-25T22:11:36.152162
143,3,2,62.45,100.0,2026-01-27T22:11:36.152162
143,3,3,86.67,100.0,2025-12-30T22:11:36.152162
143,3,4,45.56,100.0,2026-01-12T22:11:36.152162
143,5,1,87.94,100.0,2025-12-31T22:11:36.152162
143,5,2,70.0,100.0,2026-01-22T22:11:36.152162
144,1,1,95.42,100.0,2026-01-05T22:11:36.152162
144,1,2,92.43,100.0,2026-01-19T22:11:36.152162
144,1,3,86.53,100.0,2026-01-24T22:11:36.152162
144,4,1,89.33,100.0,2025-12-29T22:11:36.152162
144,4,2,70.97,100.0,2026-01-24T22:11:36.152162
145,1,1,83.47,100.0,2026-01-14T22:11:36.152162
145,1,2,63.26,100.0,2026-01-01T22:11:36.152162
145,3,1,46.95,100.0,2026-01-19T22:11:36.152162
145,3,2,95.94,100.0,2026-01-07T22:11:36.152162
145,3,3,90.89,100.0,2026-01-01T22:11:36.152162
145,3,4,45.22,100.0,2026-01-14T22:11:36.152162
145,4,1,46.19,100.0,2026-01-04T22:11:36.152162
145,4,2,79.54,100.0,2026-01-19T22:11:36.152162
145,5,1,74.65,100.0,2026-01-19T22:11:36.152162
145,5,2,78.33,100.0,2026-01-22T22:11:36.152162
146,2,1,52.03,100.0,2026-01-19T22:11:36.152162
146,2,2,56.6,100.0,2026-01-18T22:11:36.152162
146,2,3,86.37,100.0,2026-01-07T22:11:36.152162
147,1,1,56.36,100.0,2026-01-23T22:11:36.152162
147,1,2,56.42,100.0,2026-01-28T22:11:36.152162
147,3,1,73.58,100.0,2026-01-25T22:11:36.152162
147,3,2,52.39,100.0,2026-01-17T22:11:36.152162
147,3,3,72.96,100.0,2026-01-20T22:11:36.152162
147,3,4,48.49,100.0,2026-01-06T22:11:36.152162
147,4,1,74.44,100.0,2026-01-23T22:11:36.152162
147,4,2,44.27,100.0,2026-01-09T22:11:36.152162
147,4,3,93.53,100.0,2026-01-11T22:11:36.152162
147,5,1,43.04,100.0,2026-01-28T22:11:36.152162
147,5,2,68.24,100.0,2026-01-07T22:11:36.152162
147,5,3,43.03,100.0,2026-01-16T22:11:36.152162
148,1,1,45.17,100.0,2026-01-16T22:11:36.152162
148,1,2,50.74,100.0,2026-01-09T22:11:36.152162
148,5,1,77.77,100.0,2026-01-06T22:11:36.152162
148,5,2,81.96,100.0,2026-01-09T22:11:36.152162
148,5,3,61.34,100.0,2026-01-18T22:11:36.152162
148,5,4,89.05,100.0,2026-01-06T22:11:36.152162
149,1,1,88.56,100.0,2026-01-26T22:11:36.152162
149,1,2,98.42,100.0,2026-01-04T22:11:36.152162
149,1,3,85.87,100.0,2026-01-10T22:11:36.152162
149,1,4,47.91,100.0,2026-01-02T22:11:36.152162
149,4,1,68.1,100.0,2026-01-14T22:11:36.152162
149,4,2,58.62,100.0,2026-01-08T22:11:36.152162
149,4,3,82.61,100.0,2026-01-14T22:11:36.152162
149,4,4,68.23,100.0,2025-12-29T22:11:36.152162
149,5,1,48.62,100.0,2025-12-31T22:11:36.152162
149,5,2,77.02,100.0,2025-12-30T22:11:36.152162
150,4,1,63.52,100.0,2026-01-06T22:11:36.152162
150,4,2,95.04,100.0,2026-01-18T22:11:36.152162
150,4,3,87.33,100.0,2025-12-31T22:11:36.152162
150,5,1,67.2,100.0,2026-01-28T22:11:36.152162
150,5,2,43.92,100.0,2026-01-25T22:11:36.152162
150,5,3,61.09,100.0,2026-01-14T22:11:36.152162
151,1,1,56.94,100.0,2026-01-17T22:11:36.152162
151,1,2,76.27,100.0,2026-01-24T22:11:36.152162
152,1,1,46.18,100.0,2026-01-02T22:11:36.152162
152,1,2,82.86,100.0,2026-01-25T22:11:36.152162
152,1,3,59.55,100.0,2026-01-08T22:11:36.152162
152,1,4,44.26,100.0,2026-01-19T22:11:36.152162
152,3,1,67.66,100.0,2026-01-10T22:11:36.152162
152,3,2,64.81,100.0,2026-01-09T22:11:36.152162
152,3,3,54.62,100.0,2026-01-23T22:11:36.152162
152,3,4,98.43,100.0,2026-01-16T22:11:36.152162
152,5,1,60.44,100.0,2026-01-02T22:11:36.152162
152,5,2,81.64,100.0,2026-01-15T22:11:36.152162
153,1,1,74.03,100.0,2026-01-18T22:11:36.152162
153,1,2,72.67,100.0,2026-01-21T22:11:36.152162
153,1,3,50.39,100.0,2026-01-07T22:11:36.152162
153,3,1,84.36,100.0,2026-01-06T22:11:36.152162
153,3,2,74.45,100.0,2026-01-13T22:11:36.152162
153,4,1,75.53,100.0,2026-01-14T22:11:36.152162
153,4,2,59.52,100.0,2026-01-25T22:11:36.152162
153,5,1,50.57,100.0,2025-12-29T22:11:36.152162
153,5,2,64.35,100.0,2026-01-09T22:11:36.152162
153,5,3,46.52,100.0,2026-01-02T22:11:36.152162
154,3,1,86.28,100.0,2026-01-16T22:11:36.152162
154,3,2,59.64,100.0,2026-01-08T22:11:36.152162
154,3,3,79.61,100.0,2026-01-26T22:11:36.152162
154,3,4,53.06,100.0,2026-01-24T22:11:36.152162
154,4,1,94.2,100.0,2026-01-08T22:11:36.152162
154,4,2,88.59,100.0,2026-01-04T22:11:36.152162
154,4,3,48.8,100.0,2026-01-24T22:11:36.152162
154,4,4,67.18,100.0,2026-01-19T22:11:36.152162
154,5,1,76.93,100.0,2026-01-14T22:11:36.152162
154,5,2,51.74,100.0,2026-01-07T22:11:36.152162
154,5,3,92.65,100.0,2026-01-19T22:11:36.152162
155,1,1,87.66,100.0,2026-01-07T22:11:36.152162
155,1,2,58.27,100.0,2025-12-29T22:11:36.152162
155,1,3,96.2,100.0,2026-01-06T22:11:36.152162
155,1,4,98.95,100.0,2026-01-17T22:11:36.152162
155,3,1,74.96,100.0,2026-01-09T22:11:36.152162
155,3,2,99.19,100.0,2026-01-16T22:11:36.152162
156,5,1,91.15,100.0,2026-01-27T22:11:36.152162
156,5,2,62.15,100.0,2026-01-11T22:11:36.152162
157,1,1,40.05,100.0,2026-01-11T22:11:36.152162
157,1,2,89.25,100.0,2026-01-17T22:11:36.152162
157,5,1,91.67,100.0,2026-01-01T22:11:36.152162
157,5,2,41.87,100.0,2026-01-15T22:11:36.152162
158,1,1,75.41,100.0,2026-01-08T22:11:36.152162
158,1,2,59.09,100.0,2026-01-16T22:11:36.152162
158,1,3,64.36,100.0,2026-01-15T22:11:36.152162
158,1,4,72.71,100.0,2026-01-07T22:11:36.152162
158,3,1,68.49,100.0,2026-01-22T22:11:36.152162
158,3,2,73.33,100.0,2026-01-02T22:11:36.152162
158,4,1,90.4,100.0,2026-01-24T22:11:36.152162
158,4,2,57.31,100.0,2026-01-01T22:11:36.152162
158,4,3,80.2,100.0,2026-01-24T22:11:36.152162
158,5,1,44.3,100.0,2026-01-28T22:11:36.152162
158,5,2,48.64,100.0,2025-12-31T22:11:36.152162
159,4,1,79.48,100.0,2026-01-24T22:11:36.152162
159,4,2,45.08,100.0,2026-01-08T22:11:36.152162
159,4,3,88.36,100.0,2026-01-01T22:11:36.152162
160,2,1,93.61,100.0,2026-01-06T22:11:36.152162
160,2,2,76.27,100.0,2026-01-15T22:11:36.152162
160,2,3,77.39,100.0,2026-01-14T22:11:36.152162
160,3,1,65.45,100.0,2026-01-02T22:11:36.152162
160,3,2,67.0,100.0,2026-01-17T22:11:36.152162
160,3,3,53.54,100.0,2026-01-15T22:11:36.152162
160,3,4,76.27,100.0,2026-01-10T22:11:36.152162
161,1,1,90.81,100.0,2026-01-21T22:11:36.152162
161,1,2,82.73,100.0,2026-01-20T22:11:36.152162
161,1,3,64.65,100.0,2026-01-11T22:11:36.152162
161,3,1,62.02,100.0,2026-01-27T22:11:36.152162
161,3,2,74.09,100.0,2026-01-06T22:11:36.152162
161,3,3,62.11,100.0,2026-01-10T22:11:36.152162
161,3,4,68.89,100.0,2026-01-06T22:11:36.152162
162,2,1,48.53,100.0,2026-01-05T22:11:36.152162
162,2,2,71.58,100.0,2026-01-01T22:11:36.152162
162,3,1,67.9,100.0,2026-01-26T22:11:36.152162
162,3,2,71.4,100.0,2026-01-09T22:11:36.152162
162,3,3,45.31,100.0,2026-01-13T22:11:36.152162
162,4,1,84.5,100.0,2025-12-29T22:11:36.152162
162,4,2,80.12,100.0,2026-01-07T22:11:36.152162
162,4,3,78.02,100.0,2026-01-03T22:11:36.152162
162,4,4,74.78,100.0,2026-01-09T22:11:36.152162
163,3,1,94.22,100.0,2026-01-11T22:11:36.152162
163,3,2,86.71,100.0,2026-01-13T22:11:36.152162
163,4,1,70.76,100.0,2026-01-13T22:11:36.152162
163,4,2,74.44,100.0,2026-01-18T22:11:36.152162
163,4,3,65.26,100.0,2025-12-29T22:11:36.152162
163,5,1,57.35,100.0,2026-01-27T22:11:36.152162
163,5,2,81.7,100.0,2026-01-09T22:11:36.152162
163,5,3,84.97,100.0,2026-01-05T22:11:36.152162
164,3,1,55.63,100.0,2026-01-08T22:11:36.152162
164,3,2,68.39,100.0,2026-01-23T22:11:36.152162
164,3,3,74.37,100.0,2026-01-07T22:11:36.152162
164,3,4,99.42,100.0,2026-01-03T22:11:36.152162
165,1,1,77.46,100.0,2026-01-19T22:11:36.152162
165,1,2,69.09,100.0,2026-01-24T22:11:36.152162
165,1,3,70.34,100.0,2026-01-01T22:11:36.152162
165,1,4,87.03,100.0,2026-01-20T22:11:36.152162
165,5,1,76.95,100.0,2026-01-20T22:11:36.152162
165,5,2,91.47,100.0,2026-01-28T22:11:36.152162
166,1,1,46.69,100.0,2026-01-23T22:11:36.152162
166,1,2,94.61,100.0,2026-01-05T22:11:36.152162
166,1,3,49.07,100.0,2026-01-14T22:11:36.152162
166,1,4,62.19,100.0,2026-01-23T22:11:36.152162
166,4,1,86.95,100.0,2026-01-21T22:11:36.152162
166,4,2,69.1,100.0,2026-01-03T22:11:36.152162
166,4,3,71.64,100.0,2026-01-27T22:11:36.152162
167,1,1,99.04,100.0,2025-12-29T22:11:36.152162
167,1,2,48.7,100.0,2025-12-30T22:11:36.152162
167,1,3,89.3,100.0,2026-01-02T22:11:36.152162
168,2,1,85.17,100.0,2026-01-15T22:11:36.152162
168,2,2,86.22,100.0,2026-01-21T22:11:36.152162
168,2,3,79.64,100.0,2026-01-05T22:11:36.152162
168,3,1,50.04,100.0,2026-01-10T22:11:36.152162
168,3,2,84.06,100.0,2026-01-17T22:11:36.152162
168,3,3,43.26,100.0,2026-01-20T22:11:36.152162
168,3,4,85.33,100.0,2026-01-25T22:11:36.152162
168,4,1,50.06,100.0,2026-01-16T22:11:36.152162
168,4,2,68.57,100.0,2026-01-13T22:11:36.152162
168,5,1,96.9,100.0,2025-12-30T22:11:36.152162
168,5,2,71.95,100.0,2026-01-16T22:11:36.152162
168,5,3,81.01,100.0,2026-01-16T22:11:36.152162
168,5,4,68.48,100.0,2026-01-24T22:11:36.152162
169,1,1,92.22,100.0,2026-01-28T22:11:36.152162
169,1,2,57.33,100.0,2026-01-03T22:11:36.152162
169,1,3,66.93,100.0,2026-01-07T22:11:36.152162
169,1,4,58.94,100.0,2026-01-12T22:11:36.152162
169,2,1,97.35,100.0,2026-01-25T22:11:36.152162
169,2,2,95.06,100.0,2026-01-08T22:11:36.152162
169,2,3,61.23,100.0,2026-01-01T22:11:36.152162
169,2,4,65.91,100.0,2025-12-30T22:11:36.152162
169,4,1,91.5,100.0,2026-01-18T22:11:36.152162
169,4,2,56.22,100.0,2026-01-03T22:11:36.152162
169,4,3,45.9,100.0,2026-01-08T22:11:36.152162
169,4,4,75.05,100.0,2026-01-14T22:11:36.152162
170,1,1,84.95,100.0,2026-01-05T22:11:36.152162
170,1,2,80.31,100.0,2026-01-04T22:11:36.152162
170,1,3,51.7,100.0,2026-01-18T22:11:36.152162
170,1,4,80.66,100.0,2026-01-23T22:11:36.152162
170,3,1,72.86,100.0,2026-01-07T22:11:36.152162
170,3,2,40.51,100.0,2026-01-26T22:11:36.152162
170,3,3,40.72,100.0,2026-01-25T22:11:36.152162
170,4,1,46.23,100.0,2026-01-14T22:11:36.152162
170,4,2,61.09,100.0,2026-01-05T22:11:36.152162
170,4,3,57.0,100.0,2026-01-22T22:11:36.152162
170,4,4,42.04,100.0,2026-01-09T22:11:36.152162
170,5,1,43.41,100.0,2026-01-09T22:11:36.152162
170,5,2,79.4,100.0,2026-01-02T22:11:36.152162
171,1,1,97.03,100.0,2026-01-08T22:11:36.152162
171,1,2,47.31,100.0,2025-12-29T22:11:36.152162
171,2,1,45.18,100.0,2026-01-09T22:11:36.152162
171,2,2,47.79,100.0,2026-01-07T22:11:36.152162
171,3,1,73.96,100.0,2025-12-29T22:11:36.152162
171,3,2,51.09,100.0,2026-01-25T22:11:36.152162
171,3,3,81.74,100.0,2026-01-20T22:11:36.152162
171,3,4,57.67,100.0,2026-01-07T22:11:36.152162
171,5,1,78.33,100.0,2025-12-30T22:11:36.152162
171,5,2,99.71,100.0,2026-01-04T22:11:36.152162
172,1,1,81.53,100.0,2026-01-07T22:11:36.152162
172,1,2,86.19,100.0,2026-01-18T22:11:36.152162
172,1,3,55.44,100.0,2026-01-04T22:11:36.152162
172,3,1,56.64,100.0,2026-01-27T22:11:36.152162
172,3,2,62.97,100.0,2026-01-18T22:11:36.152162
173,1,1,55.49,100.0,2026-01-02T22:11:36.152162
173,1,2,55.88,100.0,2026-01-14T22:11:36.152162
173,4,1,69.5,100.0,2025-12-30T22:11:36.152162
173,4,2,52.04,100.0,2026-01-16T22:11:36.152162
174,2,1,78.73,100.0,2026-01-25T22:11:36.152162
174,2,2,48.63,100.0,2026-01-04T22:11:36.152162
174,3,1,53.1,100.0,2026-01-08T22:11:36.152162
174,3,2,46.37,100.0,2026-01-14T22:11:36.152162
174,3,3,82.92,100.0,2026-01-25T22:11:36.152162
174,4,1,44.38,100.0,2026-01-10T22:11:36.152162
174,4,2,83.65,100.0,2026-01-04T22:11:36.152162
174,5,1,41.13,100.0,2026-01-13T22:11:36.152162
174,5,2,48.93,100.0,2026-01-08T22:11:36.152162
174,5,3,40.05,100.0,2026-01-27T22:11:36.152162
175,1,1,63.43,100.0,2026-01-24T22:11:36.152162
175,1,2,82.0,100.0,2025-12-31T22:11:36.152162
175,1,3,63.48,100.0,2026-01-28T22:11:36.152162
175,1,4,70.92,100.0,2025-12-29T22:11:36.152162
175,3,1,68.69,100.0,2026-01-16T22:11:36.152162
175,3,2,90.64,100.0,2026-01-04T22:11:36.152162
175,3,3,88.74,100.0,2026-01-26T22:11:36.152162
175,5,1,53.55,100.0,2026-01-16T22:11:36.152162
175,5,2,97.25,100.0,2026-01-02T22:11:36.152162
175,5,3,86.79,100.0,2026-01-25T22:11:36.152162
175,5,4,74.03,100.0,2025-12-30T22:11:36.152162
176,1,1,60.01,100.0,2026-01-19T22:11:36.152162
176,1,2,64.04,100.0,2026-01-08T22:11:36.152162
176,1,3,99.82,100.0,2026-01-08T22:11:36.152162
176,2,1,61.92,100.0,2026-01-01T22:11:36.152162
176,2,2,97.66,100.0,2026-01-26T22:11:36.152162
176,3,1,85.63,100.0,2026-01-19T22:11:36.152162
176,3,2,78.87,100.0,2026-01-23T22:11:36.152162
176,3,3,73.27,100.0,2025-12-29T22:11:36.152162
176,4,1,79.64,100.0,2026-01-19T22:11:36.152162
176,4,2,81.75,100.0,2025-12-31T22:11:36.152162
176,4,3,46.41,100.0,2026-01-06T22:11:36.152162
177,1,1,69.19,100.0,2025-12-31T22:11:36.152162
177,1,2,77.97,100.0,2026-01-05T22:11:36.152162
177,1,3,51.37,100.0,2026-01-27T22:11:36.152162
177,2,1,41.52,100.0,2026-01-10T22:11:36.152162
177,2,2,54.31,100.0,2026-01-16T22:11:36.152162
177,3,1,87.56,100.0,2026-01-08T22:11:36.152162
177,3,2,58.46,100.0,2026-01-11T22:11:36.152162
177,4,1,97.99,100.0,2026-01-28T22:11:36.152162
177,4,2,42.22,100.0,2026-01-27T22:11:36.152162
177,4,3,60.26,100.0,2026-01-05T22:11:36.152162
178,1,1,64.33,100.0,2026-01-22T22:11:36.152162
178,1,2,88.43,100.0,2026-01-07T22:11:36.152162
179,2,1,67.5,100.0,2026-01-07T22:11:36.152162
179,2,2,92.21,100.0,2026-01-11T22:11:36.152162
179,2,3,48.94,100.0,2026-01-10T22:11:36.152162
179,2,4,53.98,100.0,2026-01-26T22:11:36.152162
179,3,1,84.13,100.0,2026-01-13T22:11:36.152162
179,3,2,79.23,100.0,2026-01-13T22:11:36.152162
179,5,1,42.75,100.0,2026-01-06T22:11:36.152162
179,5,2,78.93,100.0,2026-01-28T22:11:36.152162
179,5,3,50.33,100.0,2026-01-27T22:11:36.152162
179,5,4,94.28,100.0,2026-01-02T22:11:36.152162
180,1,1,67.37,100.0,2026-01-23T22:11:36.152162
180,1,2,90.12,100.0,2026-01-26T22:11:36.152162
180,4,1,46.85,100.0,2026-01-09T22:11:36.152162
180,4,2,87.95,100.0,2026-01-21T22:11:36.152162
182,1,1,88.27,100.0,2026-01-15T22:11:36.152162
182,1,2,60.24,100.0,2026-01-02T22:11:36.152162
182,3,1,80.7,100.0,2026-01-18T22:11:36.152162
182,3,2,47.25,100.0,2026-01-07T22:11:36.152162
182,3,3,74.56,100.0,2026-01-24T22:11:36.152162
182,3,4,59.3,100.0,2025-12-29T22:11:36.152162
182,4,1,85.85,100.0,2026-01-10T22:11:36.152162
182,4,2,50.41,100.0,2026-01-26T22:11:36.152162
182,5,1,56.43,100.0,2026-01-04T22:11:36.152162
182,5,2,64.91,100.0,2026-01-06T22:11:36.153162
183,2,1,73.2,100.0,2026-01-14T22:11:36.153162
183,2,2,54.62,100.0,2026-01-10T22:11:36.153162
183,2,3,42.44,100.0,2026-01-25T22:11:36.153162
183,3,1,76.75,100.0,2026-01-04T22:11:36.153162
183,3,2,49.47,100.0,2025-12-31T22:11:36.153162
183,3,3,69.22,100.0,2026-01-28T22:11:36.153162
183,3,4,40.43,100.0,2025-12-30T22:11:36.153162
183,4,1,82.4,100.0,2026-01-10T22:11:36.153162
183,4,2,93.21,100.0,2026-01-15T22:11:36.153162
183,5,1,88.44,100.0,2026-01-04T22:11:36.153162
183,5,2,68.56,100.0,2026-01-24T22:11:36.153162
183,5,3,52.37,100.0,2026-01-08T22:11:36.153162
183,5,4,56.26,100.0,2026-01-14T22:11:36.153162
184,1,1,54.36,100.0,2026-01-23T22:11:36.153162
184,1,2,76.63,100.0,2026-01-27T22:11:36.153162
184,1,3,75.78,100.0,2026-01-06T22:11:36.153162
184,2,1,76.72,100.0,2026-01-26T22:11:36.153162
184,2,2,77.63,100.0,2026-01-03T22:11:36.153162
184,2,3,58.07,100.0,2026-01-15T22:11:36.153162
184,4,1,73.46,100.0,2026-01-22T22:11:36.153162
184,4,2,47.05,100.0,2026-01-12T22:11:36.153162
185,1,1,77.14,100.0,2026-01-01T22:11:36.153162
185,1,2,85.67,100.0,2026-01-11T22:11:36.153162
185,2,1,53.16,100.0,2026-01-04T22:11:36.153162
185,2,2,77.59,100.0,2026-01-22T22:11:36.153162
185,2,3,56.59,100.0,2026-01-22T22:11:36.153162
185,2,4,46.76,100.0,2026-01-24T22:11:36.153162
185,3,1,90.63,100.0,2025-12-30T22:11:36.153162
185,3,2,68.46,100.0,2026-01-23T22:11:36.153162
185,3,3,49.59,100.0,2025-12-30T22:11:36.153162
185,3,4,42.59,100.0,2026-01-08T22:11:36.153162
185,5,1,57.1,100.0,2026-01-15T22:11:36.153162
185,5,2,55.08,100.0,2026-01-09T22:11:36.153162
185,5,3,88.31,100.0,2026-01-04T22:11:36.153162
186,3,1,42.6,100.0,2026-01-05T22:11:36.153162
186,3,2,43.15,100.0,2026-01-11T22:11:36.153162
186,3,3,50.55,100.0,2026-01-03T22:11:36.153162
186,4,1,69.1,100.0,2026-01-25T22:11:36.153162
186,4,2,44.25,100.0,2026-01-21T22:11:36.153162
187,2,1,66.69,100.0,2026-01-10T22:11:36.153162
187,2,2,59.56,100.0,2026-01-22T22:11:36.153162
187,2,3,84.83,100.0,2025-12-31T22:11:36.153162
187,2,4,59.54,100.0,2026-01-04T22:11:36.153162
187,4,1,59.57,100.0,2026-01-25T22:11:36.153162
187,4,2,54.23,100.0,2026-01-15T22:11:36.153162
188,2,1,62.53,100.0,2026-01-21T22:11:36.153162
188,2,2,44.41,100.0,2026-01-10T22:11:36.153162
188,3,1,43.26,100.0,2026-01-15T22:11:36.153162
188,3,2,48.7,100.0,2025-12-30T22:11:36.153162
188,3,3,76.57,100.0,2026-01-23T22:11:36.153162
188,4,1,62.41,100.0,2026-01-14T22:11:36.153162
188,4,2,83.19,100.0,2026-01-08T22:11:36.153162
188,4,3,61.52,100.0,2026-01-20T22:11:36.153162
188,5,1,60.15,100.0,2026-01-27T22:11:36.153162
188,5,2,81.53,100.0,2026-01-27T22:11:36.153162
189,1,1,48.19,100.0,2026-01-01T22:11:36.153162
189,1,2,67.93,100.0,2026-01-15T22:11:36.153162
189,1,3,50.27,100.0,2026-01-18T22:11:36.153162
189,5,1,93.18,100.0,2026-01-09T22:11:36.153162
189,5,2,49.41,100.0,2026-01-03T22:11:36.153162
190,1,1,97.17,100.0,2025-12-31T22:11:36.153162
190,1,2,50.2,100.0,2026-01-11T22:11:36.153162
190,1,3,91.3,100.0,2026-01-26T22:11:36.153162
190,1,4,64.7,100.0,2026-01-12T22:11:36.153162
190,2,1,91.73,100.0,2026-01-22T22:11:36.153162
190,2,2,75.49,100.0,2026-01-02T22:11:36.153162
190,2,3,67.77,100.0,2026-01-28T22:11:36.153162
190,4,1,65.69,100.0,2026-01-01T22:11:36.153162
190,4,2,54.8,100.0,2026-01-18T22:11:36.153162
190,4,3,66.05,100.0,2026-01-21T22:11:36.153162
190,4,4,93.51,100.0,2026-01-10T22:11:36.153162
190,5,1,94.83,100.0,2025-12-31T22:11:36.153162
190,5,2,40.3,100.0,2026-01-27T22:11:36.153162
191,4,1,99.48,100.0,2026-01-05T22:11:36.153162
191,4,2,86.12,100.0,2026-01-27T22:11:36.153162
191,5,1,71.87,100.0,2026-01-13T22:11:36.153162
191,5,2,88.58,100.0,2026-01-06T22:11:36.153162
191,5,3,89.28,100.0,2026-01-14T22:11:36.153162
192,1,1,54.43,100.0,2026-01-11T22:11:36.153162
192,1,2,85.18,100.0,2026-01-06T22:11:36.153162
192,1,3,83.91,100.0,2025-12-29T22:11:36.153162
192,2,1,47.96,100.0,2026-01-19T22:11:36.153162
192,2,2,54.34,100.0,2026-01-26T22:11:36.153162
192,5,1,68.79,100.0,2026-01-19T22:11:36.153162
192,5,2,49.71,100.0,2026-01-14T22:11:36.153162
193,4,1,84.84,100.0,2026-01-28T22:11:36.153162
193,4,2,98.59,100.0,2026-01-14T22:11:36.153162
193,4,3,86.31,100.0,2026-01-01T22:11:36.153162
193,4,4,82.19,100.0,2026-01-23T22:11:36.153162
194,2,1,77.61,100.0,2026-01-06T22:11:36.153162
194,2,2,78.0,100.0,2026-01-01T22:11:36.153162
194,2,3,77.64,100.0,2026-01-16T22:11:36.153162
194,3,1,59.97,100.0,2026-01-27T22:11:36.153162
194,3,2,57.8,100.0,2026-01-04T22:11:36.153162
194,3,3,56.19,100.0,2025-12-29T22:11:36.153162
194,3,4,76.75,100.0,2026-01-10T22:11:36.153162
194,4,1,87.26,100.0,2026-01-26T22:11:36.153162
194,4,2,77.23,100.0,2026-01-18T22:11:36.153162
194,5,1,95.93,100.0,2026-01-12T22:11:36.153162
194,5,2,96.72,100.0,2026-01-07T22:11:36.153162
194,5,3,61.84,100.0,2026-01-27T22:11:36.153162
194,5,4,46.66,100.0,2026-01-17T22:11:36.153162
195,1,1,77.15,100.0,2026-01-17T22:11:36.153162
195,1,2,61.99,100.0,2026-01-08T22:11:36.153162
195,1,3,73.53,100.0,2026-01-26T22:11:36.153162
195,2,1,82.56,100.0,2026-01-22T22:11:36.153162
195,2,2,48.3,100.0,2026-01-18T22:11:36.153162
195,2,3,54.32,100.0,2026-01-25T22:11:36.153162
195,2,4,78.94,100.0,2026-01-05T22:11:36.153162
195,3,1,92.27,100.0,2026-01-06T22:11:36.153162
195,3,2,52.59,100.0,2026-01-05T22:11:36.153162
195,3,3,85.65,100.0,2026-01-18T22:11:36.153162
195,3,4,61.16,100.0,2026-01-20T22:11:36.153162
195,4,1,80.81,100.0,2026-01-20T22:11:36.153162
195,4,2,43.27,100.0,2026-01-17T22:11:36.153162
195,4,3,60.71,100.0,2026-01-13T22:11:36.153162
195,4,4,70.09,100.0,2026-01-02T22:11:36.153162
196,2,1,68.21,100.0,2026-01-11T22:11:36.153162
196,2,2,80.7,100.0,2026-01-11T22:11:36.153162
196,3,1,67.12,100.0,2026-01-17T22:11:36.153162
196,3,2,87.99,100.0,2025-12-29T22:11:36.153162
196,3,3,81.59,100.0,2025-12-29T22:11:36.153162
196,5,1,51.3,100.0,2025-12-31T22:11:36.153162
196,5,2,67.47,100.0,2026-01-26T22:11:36.153162
197,1,1,93.88,100.0,2026-01-19T22:11:36.153162
197,1,2,97.5,100.0,2026-01-26T22:11:36.153162
197,1,3,46.56,100.0,2026-01-20T22:11:36.153162
197,2,1,81.82,100.0,2026-01-13T22:11:36.153162
197,2,2,49.03,100.0,2026-01-22T22:11:36.153162
197,3,1,97.13,100.0,2026-01-28T22:11:36.153162
197,3,2,57.59,100.0,2026-01-07T22:11:36.153162
197,3,3,72.49,100.0,2026-01-24T22:11:36.153162
197,3,4,68.43,100.0,2026-01-15T22:11:36.153162
198,2,1,84.26,100.0,2026-01-28T22:11:36.153162
198,2,2,57.49,100.0,2026-01-26T22:11:36.153162
198,2,3,41.32,100.0,2026-01-03T22:11:36.153162
199,1,1,90.1,100.0,2026-01-12T22:11:36.153162
199,1,2,78.68,100.0,2026-01-15T22:11:36.153162
199,2,1,60.57,100.0,2026-01-08T22:11:36.153162
199,2,2,87.21,100.0,2026-01-13T22:11:36.153162
199,2,3,75.6,100.0,2026-01-06T22:11:36.153162
199,2,4,71.81,100.0,2026-01-11T22:11:36.153162
199,4,1,67.48,100.0,2026-01-10T22:11:36.153162
199,4,2,47.92,100.0,2026-01-03T22:11:36.153162
199,4,3,58.39,100.0,2026-01-03T22:11:36.153162
200,1,1,53.61,100.0,2026-01-17T22:11:36.153162
200,1,2,98.24,100.0,2026-01-04T22:11:36.153162
200,1,3,90.73,100.0,2026-01-24T22:11:36.153162
200,2,1,57.06,100.0,2025-12-29T22:11:36.153162
200,2,2,49.98,100.0,2025-12-30T22:11:36.153162
200,2,3,49.65,100.0,2026-01-11T22:11:36.153162
200,5,1,50.94,100.0,2026-01-23T22:11:36.153162
200,5,2,90.36,100.0,2026-01-06T22:11:36.153162
200,5,3,94.28,100.0,2026-01-03T22:11:36.153162
