user_id,course_id,activity_id,type,submitted_at,duedate,status
1,1,3,assignment,2025-11-13T12:00:00,2025-11-24T12:00:00,submitted
1,2,6,quiz,2025-11-20T17:00:00,2025-11-11T17:00:00,graded
1,3,6,assignment,2025-12-18T15:00:00,2025-12-27T15:00:00,late
1,4,6,quiz,2025-12-10T16:00:00,2025-12-09T16:00:00,graded
1,5,3,assignment,2025-10-12T11:00:00,2025-10-15T11:00:00,submitted
2,1,7,quiz,2025-12-01T11:00:00,2025-12-04T11:00:00,submitted
2,2,6,quiz,2025-11-08T14:00:00,2025-11-05T14:00:00,late
3,1,5,assignment,2025-11-23T10:00:00,2025-11-27T10:00:00,late
3,3,8,quiz,2025-12-24T15:00:00,2025-12-22T15:00:00,late
3,4,1,assignment,2025-12-01T08:00:00,2025-12-05T08:00:00,graded
3,5,7,quiz,2025-10-17T09:00:00,2025-10-13T09:00:00,graded
4,2,2,assignment,2025-11-12T14:00:00,2025-11-06T14:00:00,late
4,3,4,assignment,2026-01-04T18:00:00,2025-12-28T18:00:00,submitted
4,4,2,assignment,2025-12-16T18:00:00,2025-12-28T18:00:00,late
5,1,7,assignment,2025-11-06T08:00:00,2025-12-02T08:00:00,graded
5,2,6,quiz,2025-11-19T11:00:00,2025-11-17T11:00:00,late
5,3,6,quiz,2025-12-26T18:00:00,2026-01-07T18:00:00,submitted
5,5,6,assignment,2025-10-07T08:00:00,2025-10-16T08:00:00,graded
6,1,4,quiz,2025-12-01T12:00:00,2025-12-07T12:00:00,late
6,2,8,quiz,2025-11-18T11:00:00,2025-11-20T11:00:00,late
6,3,7,assignment,2025-12-17T10:00:00,2025-12-19T10:00:00,submitted
6,4,5,assignment,2025-12-13T17:00:00,2026-01-01T17:00:00,graded
6,5,7,quiz,2025-09-23T10:00:00,2025-09-22T10:00:00,graded
7,1,7,assignment,2025-11-09T15:00:00,2025-12-04T15:00:00,late
7,4,4,quiz,2025-12-05T18:00:00,2025-12-25T18:00:00,graded
7,5,1,quiz,2025-10-19T13:00:00,2025-10-13T13:00:00,late
8,1,8,assignment,2025-11-19T12:00:00,2025-12-02T12:00:00,submitted
8,3,1,quiz,2025-12-13T15:00:00,2025-12-26T15:00:00,graded
8,4,2,assignment,2025-12-15T13:00:00,2025-12-14T13:00:00,graded
8,5,8,assignment,2025-10-25T08:00:00,2025-10-12T08:00:00,submitted
9,1,5,quiz,2025-11-23T17:00:00,2025-11-13T17:00:00,late
10,4,8,quiz,2025-12-17T11:00:00,2025-12-27T11:00:00,graded
10,5,2,assignment,2025-10-07T18:00:00,2025-10-29T18:00:00,late
11,3,5,quiz,2025-12-19T18:00:00,2025-12-18T18:00:00,submitted
11,4,8,assignment,2025-12-25T08:00:00,2025-12-06T08:00:00,graded
12,1,1,quiz,2025-11-12T13:00:00,2025-11-28T13:00:00,graded
12,2,1,assignment,2025-11-17T10:00:00,2025-11-27T10:00:00,late
12,4,4,assignment,2025-12-20T12:00:00,2025-12-08T12:00:00,submitted
12,5,6,quiz,2025-10-20T12:00:00,2025-10-14T12:00:00,late
13,4,5,quiz,2025-12-22T18:00:00,2025-12-25T18:00:00,submitted
14,1,3,quiz,2025-10-31T13:00:00,2025-11-09T13:00:00,late
14,3,6,quiz,2025-12-31T09:00:00,2026-01-08T09:00:00,graded
14,4,3,assignment,2025-12-03T17:00:00,2025-12-14T17:00:00,submitted
15,2,4,assignment,2025-12-03T15:00:00,2025-12-12T15:00:00,late
15,5,7,assignment,2025-10-05T11:00:00,2025-09-26T11:00:00,submitted
16,1,1,quiz,2025-11-16T12:00:00,2025-11-24T12:00:00,graded
16,2,3,quiz,2025-12-05T08:00:00,2025-12-08T08:00:00,late
16,3,3,assignment,2025-12-30T09:00:00,2025-12-28T09:00:00,submitted
16,4,4,assignment,2025-11-30T10:00:00,2025-12-06T10:00:00,late
16,5,5,assignment,2025-09-26T14:00:00,2025-10-06T14:00:00,submitted
17,2,7,assignment,2025-11-27T18:00:00,2025-11-13T18:00:00,submitted
18,1,8,assignment,2025-11-27T11:00:00,2025-12-01T11:00:00,submitted
18,3,2,assignment,2025-12-11T09:00:00,2026-01-12T09:00:00,late
19,2,8,assignment,2025-11-10T11:00:00,2025-11-24T11:00:00,submitted
19,5,5,assignment,2025-10-18T18:00:00,2025-09-28T18:00:00,submitted
20,1,4,quiz,2025-11-26T08:00:00,2025-11-21T08:00:00,submitted
20,2,1,quiz,2025-11-11T17:00:00,2025-11-19T17:00:00,late
20,3,6,assignment,2025-12-18T11:00:00,2025-12-18T11:00:00,late
20,4,2,assignment,2025-12-04T13:00:00,2025-12-02T13:00:00,late
21,1,4,assignment,2025-11-13T10:00:00,2025-11-15T10:00:00,late
21,2,2,quiz,2025-12-08T09:00:00,2025-11-23T09:00:00,late
21,4,6,assignment,2025-12-21T11:00:00,2025-12-11T11:00:00,graded
21,5,3,quiz,2025-10-24T12:00:00,2025-10-21T12:00:00,graded
22,1,4,assignment,2025-11-18T16:00:00,2025-11-17T16:00:00,graded
22,3,6,assignment,2025-12-13T16:00:00,2026-01-09T16:00:00,submitted
22,4,8,quiz,2025-12-20T11:00:00,2025-12-20T11:00:00,late
22,5,1,assignment,2025-09-24T12:00:00,2025-10-13T12:00:00,graded
23,2,7,quiz,2025-11-13T14:00:00,2025-12-04T14:00:00,late
23,4,8,quiz,2025-12-04T09:00:00,2025-12-24T09:00:00,graded
23,5,4,quiz,2025-10-25T09:00:00,2025-10-03T09:00:00,graded
24,1,3,assignment,2025-10-30T16:00:00,2025-12-01T16:00:00,late
24,2,7,assignment,2025-11-16T16:00:00,2025-12-06T16:00:00,late
24,3,2,assignment,2025-12-10T14:00:00,2026-01-01T14:00:00,graded
24,5,3,quiz,2025-09-24T11:00:00,2025-10-16T11:00:00,submitted
25,1,4,assignment,2025-11-24T14:00:00,2025-12-01T14:00:00,submitted
25,3,7,quiz,2026-01-06T13:00:00,2026-01-15T13:00:00,graded
25,4,7,quiz,2025-12-11T13:00:00,2025-12-31T13:00:00,late
26,1,8,quiz,2025-11-23T09:00:00,2025-11-25T09:00:00,submitted
26,2,2,quiz,2025-11-09T10:00:00,2025-11-23T10:00:00,graded
26,3,4,assignment,2025-12-27T16:00:00,2025-12-16T16:00:00,submitted
26,5,1,assignment,2025-10-20T08:00:00,2025-09-29T08:00:00,graded
27,4,3,quiz,2025-12-09T11:00:00,2025-12-18T11:00:00,submitted
28,1,2,quiz,2025-12-01T12:00:00,2025-11-12T12:00:00,late
28,2,8,quiz,2025-11-11T16:00:00,2025-11-24T16:00:00,late
28,5,8,quiz,2025-10-12T08:00:00,2025-10-13T08:00:00,late
29,1,1,assignment,2025-11-28T13:00:00,2025-11-07T13:00:00,graded
29,2,7,quiz,2025-11-23T17:00:00,2025-11-30T17:00:00,graded
29,3,8,quiz,2025-12-14T18:00:00,2025-12-16T18:00:00,submitted
29,4,3,quiz,2025-12-11T11:00:00,2025-12-24T11:00:00,submitted
29,5,7,quiz,2025-10-10T10:00:00,2025-10-03T10:00:00,late
30,1,8,assignment,2025-11-18T17:00:00,2025-11-14T17:00:00,late
30,2,7,quiz,2025-11-19T10:00:00,2025-12-13T10:00:00,late
30,4,6,assignment,2025-12-27T12:00:00,2025-12-22T12:00:00,graded
31,1,1,quiz,2025-11-19T14:00:00,2025-11-04T14:00:00,submitted
31,2,6,quiz,2025-11-28T09:00:00,2025-11-05T09:00:00,late
31,3,7,quiz,2025-12-14T18:00:00,2026-01-08T18:00:00,graded
31,4,7,assignment,2025-12-07T18:00:00,2025-11-30T18:00:00,late
31,5,4,assignment,2025-10-01T17:00:00,2025-10-14T17:00:00,late
32,1,2,quiz,2025-12-01T11:00:00,2025-11-24T11:00:00,submitted
32,3,3,quiz,2025-12-14T08:00:00,2026-01-04T08:00:00,submitted
32,5,7,quiz,2025-10-12T16:00:00,2025-10-27T16:00:00,graded
33,1,1,assignment,2025-11-22T18:00:00,2025-12-01T18:00:00,late
33,2,6,assignment,2025-11-23T14:00:00,2025-12-06T14:00:00,graded
33,3,8,quiz,2025-12-17T13:00:00,2025-12-28T13:00:00,graded
33,4,6,quiz,2025-12-03T18:00:00,2025-12-18T18:00:00,graded
33,5,4,assignment,2025-10-09T08:00:00,2025-09-29T08:00:00,late
34,1,5,quiz,2025-11-07T15:00:00,2025-11-03T15:00:00,graded
34,3,4,assignment,2026-01-02T11:00:00,2025-12-20T11:00:00,late
34,4,6,quiz,2025-12-04T09:00:00,2025-12-01T09:00:00,late
35,2,7,quiz,2025-11-15T09:00:00,2025-12-02T09:00:00,submitted
35,4,5,quiz,2025-12-14T13:00:00,2025-12-22T13:00:00,submitted
36,3,7,assignment,2025-12-21T12:00:00,2026-01-15T12:00:00,graded
36,4,1,quiz,2025-12-22T18:00:00,2026-01-05T18:00:00,submitted
36,5,4,quiz,2025-10-14T15:00:00,2025-10-23T15:00:00,graded
38,4,1,quiz,2025-12-19T15:00:00,2025-12-16T15:00:00,graded
39,2,3,quiz,2025-11-13T16:00:00,2025-11-16T16:00:00,late
39,3,7,assignment,2025-12-21T08:00:00,2025-12-29T08:00:00,submitted
39,4,7,assignment,2025-12-08T09:00:00,2025-12-19T09:00:00,late
40,3,5,assignment,2025-12-29T17:00:00,2025-12-24T17:00:00,graded
41,1,2,assignment,2025-11-03T18:00:00,2025-11-12T18:00:00,submitted
41,2,5,quiz,2025-11-18T16:00:00,2025-12-06T16:00:00,late
41,4,7,assignment,2025-12-19T09:00:00,2025-12-02T09:00:00,submitted
42,1,5,quiz,2025-11-05T15:00:00,2025-11-03T15:00:00,graded
42,2,3,quiz,2025-11-29T13:00:00,2025-11-12T13:00:00,late
42,4,1,quiz,2025-11-30T18:00:00,2025-12-05T18:00:00,graded
42,5,2,assignment,2025-10-23T09:00:00,2025-10-22T09:00:00,graded
43,1,7,assignment,2025-11-28T12:00:00,2025-11-11T12:00:00,submitted
44,1,2,quiz,2025-11-15T18:00:00,2025-12-03T18:00:00,graded
44,3,2,quiz,2025-12-16T10:00:00,2025-12-17T10:00:00,graded
44,5,7,assignment,2025-10-17T14:00:00,2025-10-08T14:00:00,graded
46,2,3,quiz,2025-11-08T16:00:00,2025-11-17T16:00:00,submitted
46,3,8,assignment,2025-12-24T10:00:00,2025-12-28T10:00:00,late
46,4,8,assignment,2025-12-14T11:00:00,2025-12-21T11:00:00,late
47,1,6,assignment,2025-11-21T09:00:00,2025-12-02T09:00:00,graded
47,5,5,quiz,2025-10-23T17:00:00,2025-10-05T17:00:00,graded
48,1,6,assignment,2025-12-02T10:00:00,2025-11-26T10:00:00,submitted
48,5,1,quiz,2025-10-15T08:00:00,2025-10-09T08:00:00,graded
49,1,5,assignment,2025-11-25T15:00:00,2025-11-29T15:00:00,late
49,2,4,assignment,2025-12-01T11:00:00,2025-12-03T11:00:00,graded
49,3,7,assignment,2026-01-06T11:00:00,2025-12-25T11:00:00,graded
49,5,4,quiz,2025-10-02T15:00:00,2025-10-07T15:00:00,submitted
50,2,6,quiz,2025-12-03T10:00:00,2025-12-02T10:00:00,submitted
50,4,2,quiz,2025-12-26T08:00:00,2026-01-01T08:00:00,graded
50,5,6,assignment,2025-10-17T16:00:00,2025-10-23T16:00:00,submitted
51,2,5,quiz,2025-11-26T12:00:00,2025-11-15T12:00:00,graded
51,4,6,assignment,2025-12-10T10:00:00,2025-11-28T10:00:00,submitted
51,5,8,quiz,2025-10-22T15:00:00,2025-10-06T15:00:00,submitted
52,2,4,assignment,2025-11-25T16:00:00,2025-11-25T16:00:00,graded
52,3,2,assignment,2025-12-19T13:00:00,2025-12-30T13:00:00,late
52,4,7,quiz,2025-12-28T18:00:00,2025-12-24T18:00:00,graded
53,1,3,quiz,2025-11-12T15:00:00,2025-11-16T15:00:00,late
54,2,5,quiz,2025-11-14T10:00:00,2025-11-14T10:00:00,graded
54,5,3,assignment,2025-10-08T11:00:00,2025-10-21T11:00:00,late
55,1,1,quiz,2025-11-05T14:00:00,2025-11-20T14:00:00,submitted
55,4,4,quiz,2025-12-05T17:00:00,2025-12-08T17:00:00,submitted
55,5,7,assignment,2025-10-11T17:00:00,2025-10-09T17:00:00,submitted
56,2,6,quiz,2025-11-16T17:00:00,2025-11-19T17:00:00,submitted
56,3,8,assignment,2026-01-04T10:00:00,2026-01-10T10:00:00,submitted
56,5,4,quiz,2025-10-01T09:00:00,2025-10-13T09:00:00,graded
57,1,7,assignment,2025-11-04T16:00:00,2025-11-28T16:00:00,submitted
57,2,5,assignment,2025-11-27T08:00:00,2025-11-17T08:00:00,graded
57,3,7,quiz,2026-01-04T12:00:00,2025-12-20T12:00:00,submitted
57,4,5,quiz,2025-12-10T13:00:00,2026-01-01T13:00:00,submitted
58,4,8,assignment,2025-12-06T13:00:00,2025-12-05T13:00:00,graded
58,5,6,assignment,2025-10-20T18:00:00,2025-10-24T18:00:00,late
59,2,7,quiz,2025-12-01T10:00:00,2025-12-07T10:00:00,late
59,5,2,quiz,2025-09-30T08:00:00,2025-10-01T08:00:00,submitted
60,2,4,assignment,2025-11-22T16:00:00,2025-11-30T16:00:00,late
60,4,1,quiz,2025-12-08T08:00:00,2026-01-02T08:00:00,late
60,5,5,assignment,2025-10-07T08:00:00,2025-10-19T08:00:00,submitted
61,1,3,quiz,2025-11-15T13:00:00,2025-11-18T13:00:00,late
61,5,6,assignment,2025-10-26T15:00:00,2025-10-28T15:00:00,submitted
62,1,6,assignment,2025-11-22T12:00:00,2025-12-04T12:00:00,graded
62,3,5,assignment,2025-12-09T10:00:00,2025-12-27T10:00:00,submitted
62,4,8,quiz,2025-12-30T09:00:00,2025-12-21T09:00:00,late
63,1,7,quiz,2025-11-08T14:00:00,2025-11-16T14:00:00,late
63,4,6,quiz,2025-12-12T17:00:00,2025-12-10T17:00:00,graded
63,5,3,assignment,2025-10-17T09:00:00,2025-10-29T09:00:00,submitted
64,2,3,assignment,2025-11-10T08:00:00,2025-11-24T08:00:00,submitted
64,5,8,quiz,2025-10-06T09:00:00,2025-10-09T09:00:00,late
65,2,7,quiz,2025-11-08T17:00:00,2025-12-07T17:00:00,submitted
66,1,6,quiz,2025-11-29T17:00:00,2025-12-09T17:00:00,graded
66,2,2,quiz,2025-12-02T13:00:00,2025-11-15T13:00:00,submitted
66,3,2,assignment,2025-12-20T08:00:00,2026-01-02T08:00:00,submitted
66,4,5,assignment,2025-12-14T14:00:00,2025-12-10T14:00:00,late
66,5,3,quiz,2025-10-09T15:00:00,2025-10-01T15:00:00,submitted
67,2,2,quiz,2025-12-02T11:00:00,2025-11-26T11:00:00,submitted
67,3,2,assignment,2025-12-26T15:00:00,2026-01-07T15:00:00,late
68,1,6,quiz,2025-11-07T18:00:00,2025-11-05T18:00:00,submitted
68,3,8,assignment,2025-12-25T12:00:00,2025-12-29T12:00:00,late
69,3,6,assignment,2025-12-15T11:00:00,2026-01-12T11:00:00,graded
69,4,4,quiz,2025-12-24T08:00:00,2025-12-01T08:00:00,late
69,5,6,assignment,2025-10-20T15:00:00,2025-09-29T15:00:00,late
70,1,7,assignment,2025-11-09T09:00:00,2025-12-03T09:00:00,graded
71,1,4,assignment,2025-11-23T09:00:00,2025-11-25T09:00:00,submitted
71,4,4,quiz,2025-12-01T13:00:00,2025-12-21T13:00:00,graded
72,3,3,quiz,2025-12-16T14:00:00,2026-01-02T14:00:00,graded
72,5,5,assignment,2025-10-27T16:00:00,2025-10-08T16:00:00,graded
73,1,6,quiz,2025-11-22T13:00:00,2025-11-19T13:00:00,graded
73,2,7,quiz,2025-11-18T12:00:00,2025-11-21T12:00:00,late
73,3,2,assignment,2025-12-31T12:00:00,2026-01-04T12:00:00,graded
74,1,7,assignment,2025-11-26T17:00:00,2025-12-04T17:00:00,submitted
74,2,6,assignment,2025-11-16T17:00:00,2025-11-17T17:00:00,late
74,4,8,quiz,2025-12-20T09:00:00,2026-01-07T09:00:00,submitted
75,2,8,quiz,2025-11-21T17:00:00,2025-11-14T17:00:00,graded
75,4,3,quiz,2025-11-30T12:00:00,2025-12-16T12:00:00,submitted
76,1,5,assignment,2025-11-20T12:00:00,2025-11-06T12:00:00,late
76,2,1,quiz,2025-11-27T10:00:00,2025-11-18T10:00:00,late
76,3,7,quiz,2025-12-11T11:00:00,2026-01-07T11:00:00,late
76,5,6,assignment,2025-10-03T13:00:00,2025-10-01T13:00:00,late
77,1,2,assignment,2025-11-26T16:00:00,2025-12-03T16:00:00,submitted
77,2,7,quiz,2025-11-09T15:00:00,2025-11-14T15:00:00,graded
77,3,6,quiz,2025-12-30T10:00:00,2026-01-11T10:00:00,late
77,4,5,assignment,2025-12-08T17:00:00,2025-12-10T17:00:00,submitted
77,5,2,assignment,2025-10-21T13:00:00,2025-10-15T13:00:00,late
78,2,7,quiz,2025-11-26T15:00:00,2025-11-11T15:00:00,submitted
78,3,2,quiz,2025-12-11T15:00:00,2025-12-22T15:00:00,late
78,4,8,quiz,2025-12-20T16:00:00,2025-12-24T16:00:00,late
79,1,5,quiz,2025-11-22T08:00:00,2025-11-27T08:00:00,late
79,2,5,assignment,2025-11-04T18:00:00,2025-11-11T18:00:00,submitted
79,3,4,assignment,2025-12-10T08:00:00,2025-12-09T08:00:00,late
79,4,1,assignment,2025-12-06T13:00:00,2025-12-31T13:00:00,late
79,5,4,quiz,2025-10-07T08:00:00,2025-10-07T08:00:00,submitted
80,1,8,assignment,2025-11-07T16:00:00,2025-12-04T16:00:00,graded
80,2,2,quiz,2025-11-08T15:00:00,2025-11-13T15:00:00,late
80,3,8,assignment,2025-12-21T18:00:00,2025-12-08T18:00:00,graded
80,4,4,quiz,2025-12-12T14:00:00,2025-12-29T14:00:00,submitted
81,1,1,quiz,2025-11-06T10:00:00,2025-12-01T10:00:00,graded
81,4,5,quiz,2025-12-05T10:00:00,2026-01-05T10:00:00,graded
81,5,8,assignment,2025-09-30T16:00:00,2025-09-27T16:00:00,late
82,1,7,assignment,2025-11-18T10:00:00,2025-11-21T10:00:00,late
82,3,5,assignment,2026-01-06T17:00:00,2026-01-05T17:00:00,graded
83,1,8,quiz,2025-11-19T16:00:00,2025-11-23T16:00:00,graded
83,3,1,assignment,2025-12-20T13:00:00,2026-01-03T13:00:00,late
84,1,8,assignment,2025-11-19T17:00:00,2025-12-07T17:00:00,submitted
84,2,6,quiz,2025-12-01T17:00:00,2025-12-02T17:00:00,submitted
84,4,7,assignment,2025-12-15T16:00:00,2025-12-26T16:00:00,graded
85,2,4,quiz,2025-11-17T08:00:00,2025-11-14T08:00:00,late
85,4,3,quiz,2025-12-09T15:00:00,2025-12-17T15:00:00,submitted
85,5,2,quiz,2025-10-19T11:00:00,2025-10-21T11:00:00,graded
86,1,4,quiz,2025-11-05T15:00:00,2025-11-03T15:00:00,submitted
86,4,5,assignment,2025-12-07T13:00:00,2025-12-07T13:00:00,submitted
86,5,2,assignment,2025-10-04T13:00:00,2025-10-22T13:00:00,submitted
88,3,2,quiz,2025-12-25T11:00:00,2025-12-23T11:00:00,graded
88,4,6,quiz,2025-12-25T11:00:00,2025-12-23T11:00:00,submitted
90,3,3,assignment,2026-01-02T18:00:00,2026-01-08T18:00:00,late
90,4,1,assignment,2025-12-27T13:00:00,2025-12-27T13:00:00,graded
90,5,2,assignment,2025-10-21T09:00:00,2025-10-03T09:00:00,late
91,4,2,quiz,2025-12-01T12:00:00,2025-12-04T12:00:00,submitted
92,1,3,quiz,2025-11-22T17:00:00,2025-11-18T17:00:00,late
92,2,8,quiz,2025-11-26T11:00:00,2025-11-10T11:00:00,submitted
92,3,6,assignment,2026-01-09T14:00:00,2025-12-23T14:00:00,submitted
92,5,8,quiz,2025-10-11T08:00:00,2025-09-29T08:00:00,submitted
93,2,6,assignment,2025-11-13T15:00:00,2025-12-07T15:00:00,submitted
93,3,5,assignment,2025-12-22T13:00:00,2026-01-07T13:00:00,graded
94,1,3,assignment,2025-11-23T11:00:00,2025-12-03T11:00:00,graded
94,4,3,quiz,2025-12-27T14:00:00,2025-12-30T14:00:00,graded
95,1,8,quiz,2025-11-29T15:00:00,2025-12-06T15:00:00,late
96,1,1,assignment,2025-11-13T17:00:00,2025-11-09T17:00:00,submitted
96,3,2,assignment,2025-12-18T18:00:00,2025-12-29T18:00:00,graded
97,1,7,assignment,2025-11-01T15:00:00,2025-11-26T15:00:00,submitted
97,2,1,quiz,2025-11-30T13:00:00,2025-12-14T13:00:00,graded
98,1,7,quiz,2025-12-01T12:00:00,2025-11-23T12:00:00,late
98,3,6,assignment,2025-12-06T18:00:00,2025-12-24T18:00:00,late
98,5,7,quiz,2025-10-13T14:00:00,2025-10-13T14:00:00,late
99,1,6,quiz,2025-12-04T15:00:00,2025-12-02T15:00:00,submitted
99,3,2,assignment,2025-12-10T11:00:00,2025-12-31T11:00:00,graded
100,1,5,quiz,2025-11-05T08:00:00,2025-11-05T08:00:00,late
100,4,6,assignment,2025-12-27T15:00:00,2025-12-14T15:00:00,submitted
100,5,5,quiz,2025-09-29T12:00:00,2025-10-12T12:00:00,late
101,1,2,quiz,2025-11-27T13:00:00,2025-11-08T13:00:00,graded
101,2,6,assignment,2025-11-12T15:00:00,2025-11-13T15:00:00,late
101,3,8,quiz,2025-12-15T13:00:00,2025-12-07T13:00:00,graded
103,1,4,quiz,2025-12-02T16:00:00,2025-11-22T16:00:00,graded
103,2,5,quiz,2025-11-27T09:00:00,2025-11-15T09:00:00,late
103,3,4,assignment,2025-12-10T16:00:00,2025-12-28T16:00:00,late
103,4,6,quiz,2025-12-16T10:00:00,2025-12-09T10:00:00,submitted
104,1,7,quiz,2025-11-07T17:00:00,2025-11-11T17:00:00,submitted
104,2,3,assignment,2025-11-18T15:00:00,2025-11-17T15:00:00,graded
104,3,6,quiz,2025-12-28T14:00:00,2026-01-10T14:00:00,graded
104,4,5,quiz,2025-12-14T15:00:00,2025-12-28T15:00:00,late
105,2,8,quiz,2025-12-03T11:00:00,2025-12-13T11:00:00,late
105,3,3,quiz,2025-12-13T13:00:00,2026-01-11T13:00:00,submitted
105,4,8,assignment,2025-12-08T09:00:00,2026-01-06T09:00:00,late
105,5,4,assignment,2025-10-08T10:00:00,2025-10-25T10:00:00,submitted
106,4,6,quiz,2025-12-27T15:00:00,2025-12-06T15:00:00,late
106,5,2,quiz,2025-09-25T10:00:00,2025-10-16T10:00:00,late
107,2,1,quiz,2025-11-19T14:00:00,2025-11-13T14:00:00,submitted
107,3,5,quiz,2025-12-23T08:00:00,2026-01-01T08:00:00,graded
107,5,1,quiz,2025-10-17T14:00:00,2025-10-02T14:00:00,submitted
108,1,1,assignment,2025-12-04T11:00:00,2025-11-25T11:00:00,graded
108,2,3,assignment,2025-12-03T11:00:00,2025-12-09T11:00:00,submitted
108,4,6,quiz,2025-11-30T17:00:00,2025-12-01T17:00:00,graded
108,5,5,quiz,2025-10-17T09:00:00,2025-10-28T09:00:00,graded
109,1,8,quiz,2025-11-25T18:00:00,2025-11-08T18:00:00,submitted
109,3,8,quiz,2026-01-05T14:00:00,2026-01-13T14:00:00,submitted
109,4,2,assignment,2025-12-26T08:00:00,2025-12-28T08:00:00,graded
110,1,7,quiz,2025-11-09T13:00:00,2025-11-02T13:00:00,late
110,2,5,assignment,2025-11-26T11:00:00,2025-11-12T11:00:00,submitted
110,5,5,assignment,2025-10-11T12:00:00,2025-10-02T12:00:00,late
111,1,4,assignment,2025-11-18T10:00:00,2025-11-03T10:00:00,late
111,3,8,assignment,2025-12-31T13:00:00,2025-12-17T13:00:00,submitted
112,1,1,quiz,2025-11-10T14:00:00,2025-11-16T14:00:00,submitted
112,2,2,assignment,2025-12-04T16:00:00,2025-11-30T16:00:00,graded
112,3,8,quiz,2026-01-08T12:00:00,2025-12-14T12:00:00,graded
112,4,3,quiz,2025-12-10T08:00:00,2025-11-29T08:00:00,late
112,5,7,assignment,2025-10-02T16:00:00,2025-09-30T16:00:00,submitted
113,1,3,quiz,2025-11-14T12:00:00,2025-11-15T12:00:00,submitted
113,2,2,assignment,2025-11-14T15:00:00,2025-11-30T15:00:00,graded
113,3,1,assignment,2025-12-31T08:00:00,2026-01-02T08:00:00,submitted
114,1,1,quiz,2025-11-16T11:00:00,2025-12-02T11:00:00,submitted
115,1,3,quiz,2025-11-21T11:00:00,2025-11-29T11:00:00,graded
115,3,2,assignment,2025-12-09T11:00:00,2025-12-21T11:00:00,submitted
115,5,8,assignment,2025-10-13T16:00:00,2025-10-30T16:00:00,graded
116,2,5,quiz,2025-11-04T18:00:00,2025-11-24T18:00:00,graded
116,3,2,assignment,2025-12-25T16:00:00,2025-12-12T16:00:00,graded
116,4,1,assignment,2025-12-05T13:00:00,2025-12-04T13:00:00,submitted
116,5,5,assignment,2025-10-12T08:00:00,2025-10-21T08:00:00,graded
117,3,4,assignment,2026-01-01T17:00:00,2025-12-17T17:00:00,graded
117,5,4,quiz,2025-10-14T13:00:00,2025-10-25T13:00:00,late
118,1,1,quiz,2025-11-05T15:00:00,2025-12-05T15:00:00,late
118,4,3,quiz,2025-11-27T18:00:00,2025-12-01T18:00:00,graded
118,5,5,assignment,2025-10-24T13:00:00,2025-10-23T13:00:00,graded
119,1,5,assignment,2025-11-01T15:00:00,2025-11-11T15:00:00,late
119,3,5,assignment,2025-12-17T16:00:00,2026-01-10T16:00:00,late
119,5,3,assignment,2025-10-23T08:00:00,2025-10-18T08:00:00,graded
120,1,6,quiz,2025-12-03T09:00:00,2025-11-27T09:00:00,late
120,2,8,quiz,2025-11-16T16:00:00,2025-11-24T16:00:00,late
120,3,6,quiz,2025-12-12T18:00:00,2026-01-05T18:00:00,late
121,2,1,assignment,2025-12-02T16:00:00,2025-11-12T16:00:00,late
121,3,8,assignment,2025-12-07T12:00:00,2025-12-08T12:00:00,late
121,5,7,assignment,2025-10-11T10:00:00,2025-10-26T10:00:00,graded
122,2,2,quiz,2025-11-25T11:00:00,2025-11-10T11:00:00,late
122,3,2,quiz,2025-12-21T12:00:00,2026-01-04T12:00:00,late
122,4,7,quiz,2025-12-03T15:00:00,2025-11-29T15:00:00,submitted
122,5,6,assignment,2025-10-26T12:00:00,2025-10-10T12:00:00,graded
123,2,4,quiz,2025-12-04T09:00:00,2025-11-13T09:00:00,graded
123,3,4,assignment,2025-12-09T15:00:00,2025-12-27T15:00:00,late
124,1,4,quiz,2025-11-17T18:00:00,2025-11-26T18:00:00,submitted
124,2,8,assignment,2025-12-08T16:00:00,2025-11-24T16:00:00,submitted
124,3,7,quiz,2025-12-09T15:00:00,2025-12-24T15:00:00,late
124,4,3,assignment,2025-12-20T18:00:00,2025-12-16T18:00:00,late
125,2,2,assignment,2025-11-24T08:00:00,2025-11-15T08:00:00,late
126,1,3,quiz,2025-11-15T12:00:00,2025-11-22T12:00:00,late
126,2,4,quiz,2025-11-29T14:00:00,2025-11-04T14:00:00,late
126,4,8,assignment,2025-12-02T09:00:00,2025-12-30T09:00:00,late
127,1,6,assignment,2025-11-20T14:00:00,2025-12-04T14:00:00,graded
127,3,8,assignment,2025-12-21T17:00:00,2025-12-30T17:00:00,late
127,5,4,quiz,2025-09-27T15:00:00,2025-10-14T15:00:00,graded
128,1,6,quiz,2025-10-31T14:00:00,2025-11-26T14:00:00,submitted
128,2,2,assignment,2025-11-30T18:00:00,2025-11-04T18:00:00,late
128,3,7,assignment,2025-12-08T12:00:00,2025-12-22T12:00:00,submitted
128,5,6,assignment,2025-10-07T14:00:00,2025-10-03T14:00:00,late
129,2,1,quiz,2025-11-20T13:00:00,2025-12-03T13:00:00,submitted
129,3,5,assignment,2025-12-22T12:00:00,2025-12-22T12:00:00,graded
129,4,6,assignment,2025-12-26T09:00:00,2025-12-04T09:00:00,graded
129,5,2,quiz,2025-10-18T15:00:00,2025-10-23T15:00:00,submitted
130,3,2,quiz,2025-12-12T16:00:00,2025-12-14T16:00:00,submitted
131,2,6,assignment,2025-12-03T14:00:00,2025-11-10T14:00:00,submitted
131,4,8,quiz,2025-12-02T17:00:00,2025-12-21T17:00:00,late
131,5,2,assignment,2025-09-27T10:00:00,2025-09-28T10:00:00,late
132,1,5,assignment,2025-12-01T15:00:00,2025-11-29T15:00:00,graded
132,2,7,quiz,2025-11-12T12:00:00,2025-11-06T12:00:00,graded
132,3,8,assignment,2026-01-08T13:00:00,2026-01-11T13:00:00,late
133,4,6,quiz,2025-12-24T14:00:00,2025-12-06T14:00:00,graded
134,1,4,assignment,2025-11-06T15:00:00,2025-11-10T15:00:00,submitted
134,2,4,quiz,2025-11-30T10:00:00,2025-11-11T10:00:00,late
134,3,6,quiz,2025-12-25T15:00:00,2026-01-12T15:00:00,late
134,4,3,assignment,2025-12-05T13:00:00,2025-12-07T13:00:00,submitted
135,4,3,quiz,2025-12-09T14:00:00,2025-12-28T14:00:00,late
135,5,5,quiz,2025-10-09T11:00:00,2025-10-01T11:00:00,submitted
136,2,5,quiz,2025-11-22T08:00:00,2025-11-25T08:00:00,graded
137,1,1,assignment,2025-11-23T14:00:00,2025-11-17T14:00:00,submitted
137,2,1,assignment,2025-11-20T11:00:00,2025-11-30T11:00:00,submitted
138,1,4,assignment,2025-11-24T15:00:00,2025-11-04T15:00:00,graded
138,2,8,quiz,2025-11-25T14:00:00,2025-12-03T14:00:00,late
138,3,6,quiz,2025-12-29T16:00:00,2025-12-30T16:00:00,graded
138,5,3,quiz,2025-09-30T18:00:00,2025-10-27T18:00:00,submitted
139,3,4,assignment,2026-01-07T13:00:00,2025-12-10T13:00:00,late
139,4,4,quiz,2025-12-17T12:00:00,2025-12-17T12:00:00,submitted
141,2,6,quiz,2025-11-28T10:00:00,2025-11-28T10:00:00,submitted
141,4,3,assignment,2025-12-26T14:00:00,2025-12-01T14:00:00,graded
141,5,2,assignment,2025-10-09T13:00:00,2025-09-30T13:00:00,late
142,1,3,quiz,2025-11-14T16:00:00,2025-12-04T16:00:00,submitted
142,2,1,quiz,2025-11-10T15:00:00,2025-11-23T15:00:00,submitted
142,4,3,assignment,2025-12-07T08:00:00,2025-12-17T08:00:00,late
142,5,6,assignment,2025-10-22T18:00:00,2025-10-11T18:00:00,submitted
143,2,1,assignment,2025-11-13T16:00:00,2025-11-25T16:00:00,submitted
143,3,3,assignment,2025-12-22T16:00:00,2025-12-18T16:00:00,graded
143,5,5,quiz,2025-10-08T18:00:00,2025-10-10T18:00:00,graded
144,1,3,assignment,2025-11-18T14:00:00,2025-11-30T14:00:00,late
144,4,2,assignment,2025-12-02T14:00:00,2025-12-07T14:00:00,submitted
145,1,7,quiz,2025-11-29T17:00:00,2025-12-01T17:00:00,graded
145,3,4,assignment,2026-01-08T13:00:00,2025-12-13T13:00:00,late
145,4,5,assignment,2025-12-25T18:00:00,2025-12-10T18:00:00,graded
145,5,1,quiz,2025-10-15T17:00:00,2025-10-13T17:00:00,submitted
146,2,4,assignment,2025-11-29T13:00:00,2025-11-12T13:00:00,graded
147,1,3,quiz,2025-11-15T17:00:00,2025-11-24T17:00:00,late
147,3,8,quiz,2025-12-28T12:00:00,2026-01-11T12:00:00,submitted
147,4,6,quiz,2025-12-18T16:00:00,2026-01-02T16:00:00,late
147,5,8,assignment,2025-10-06T17:00:00,2025-10-24T17:00:00,late
148,1,4,assignment,2025-11-08T18:00:00,2025-11-14T18:00:00,graded
148,5,7,quiz,2025-09-29T12:00:00,2025-10-13T12:00:00,graded
149,1,3,assignment,2025-11-30T17:00:00,2025-11-25T17:00:00,graded
149,4,3,quiz,2025-12-25T14:00:00,2025-12-07T14:00:00,graded
149,5,6,quiz,2025-09-30T14:00:00,2025-09-26T14:00:00,graded
150,4,7,quiz,2025-12-09T08:00:00,2025-12-25T08:00:00,graded
150,5,6,quiz,2025-10-21T11:00:00,2025-10-28T11:00:00,graded
151,1,7,assignment,2025-11-01T17:00:00,2025-11-13T17:00:00,graded
152,1,5,assignment,2025-11-20T13:00:00,2025-11-05T13:00:00,graded
152,3,5,assignment,2026-01-03T16:00:00,2026-01-10T16:00:00,late
152,5,5,assignment,2025-10-26T12:00:00,2025-10-12T12:00:00,submitted
153,1,2,assignment,2025-11-14T09:00:00,2025-11-06T09:00:00,late
153,3,6,quiz,2025-12-18T11:00:00,2026-01-03T11:00:00,graded
153,4,5,quiz,2025-12-05T17:00:00,2025-12-08T17:00:00,late
153,5,1,quiz,2025-10-15T10:00:00,2025-10-11T10:00:00,graded
154,3,7,assignment,2025-12-19T12:00:00,2025-12-08T12:00:00,graded
154,4,7,assignment,2025-12-06T12:00:00,2025-12-14T12:00:00,late
154,5,8,quiz,2025-09-29T18:00:00,2025-10-26T18:00:00,late
155,1,8,assignment,2025-11-12T08:00:00,2025-11-08T08:00:00,graded
155,3,7,quiz,2026-01-06T11:00:00,2026-01-09T11:00:00,submitted
156,5,8,assignment,2025-10-21T14:00:00,2025-09-26T14:00:00,graded
157,1,3,quiz,2025-11-16T14:00:00,2025-11-08T14:00:00,graded
157,5,6,quiz,2025-09-30T13:00:00,2025-10-20T13:00:00,graded
158,1,5,assignment,2025-11-17T15:00:00,2025-11-09T15:00:00,late
158,3,3,quiz,2025-12-18T16:00:00,2026-01-05T16:00:00,late
158,4,7,quiz,2025-12-04T11:00:00,2025-12-24T11:00:00,submitted
158,5,4,quiz,2025-10-11T13:00:00,2025-10-03T13:00:00,graded
159,4,5,assignment,2025-12-06T08:00:00,2025-12-15T08:00:00,submitted
160,2,1,assignment,2025-12-05T15:00:00,2025-12-11T15:00:00,submitted
160,3,4,assignment,2025-12-11T11:00:00,2026-01-03T11:00:00,graded
161,1,4,quiz,2025-11-13T09:00:00,2025-12-08T09:00:00,submitted
161,3,1,assignment,2025-12-24T08:00:00,2026-01-16T08:00:00,submitted
162,2,6,assignment,2025-12-07T09:00:00,2025-12-07T09:00:00,graded
162,3,2,assignment,2025-12-18T10:00:00,2026-01-10T10:00:00,graded
162,4,7,assignment,2025-12-25T08:00:00,2025-12-11T08:00:00,submitted
163,3,5,quiz,2025-12-26T15:00:00,2026-01-13T15:00:00,submitted
163,4,4,assignment,2025-12-19T09:00:00,2026-01-02T09:00:00,graded
163,5,1,quiz,2025-09-30T10:00:00,2025-10-25T10:00:00,submitted
164,3,4,quiz,2025-12-29T09:00:00,2026-01-04T09:00:00,late
165,1,8,assignment,2025-11-17T11:00:00,2025-11-06T11:00:00,late
165,5,5,quiz,2025-10-17T09:00:00,2025-10-27T09:00:00,graded
166,1,7,assignment,2025-11-26T17:00:00,2025-11-19T17:00:00,graded
166,4,3,quiz,2025-12-30T11:00:00,2025-12-30T11:00:00,graded
167,1,3,assignment,2025-11-21T17:00:00,2025-11-06T17:00:00,graded
168,2,4,quiz,2025-12-01T17:00:00,2025-11-14T17:00:00,graded
168,3,2,quiz,2025-12-31T12:00:00,2025-12-23T12:00:00,graded
168,4,2,quiz,2025-12-12T15:00:00,2025-12-06T15:00:00,submitted
168,5,7,assignment,2025-10-07T18:00:00,2025-10-04T18:00:00,graded
169,1,1,quiz,2025-11-22T13:00:00,2025-11-10T13:00:00,submitted
169,2,7,quiz,2025-11-12T14:00:00,2025-11-28T14:00:00,submitted
169,4,1,assignment,2025-11-27T09:00:00,2025-12-14T09:00:00,submitted
170,1,6,quiz,2025-11-26T08:00:00,2025-12-05T08:00:00,graded
170,3,2,quiz,2025-12-13T18:00:00,2025-12-27T18:00:00,late
170,4,3,assignment,2025-12-13T14:00:00,2025-12-16T14:00:00,submitted
170,5,1,quiz,2025-10-11T16:00:00,2025-09-29T16:00:00,submitted
171,1,2,assignment,2025-11-24T12:00:00,2025-12-03T12:00:00,submitted
171,2,1,quiz,2025-11-29T10:00:00,2025-11-26T10:00:00,submitted
171,3,6,assignment,2025-12-11T18:00:00,2025-12-20T18:00:00,late
171,5,4,assignment,2025-10-08T11:00:00,2025-09-28T11:00:00,late
172,1,7,assignment,2025-11-24T09:00:00,2025-11-22T09:00:00,graded
172,3,1,assignment,2025-12-14T09:00:00,2026-01-07T09:00:00,submitted
173,1,6,assignment,2025-12-02T16:00:00,2025-11-19T16:00:00,submitted
173,4,1,quiz,2025-12-15T12:00:00,2025-12-04T12:00:00,submitted
174,2,4,assignment,2025-11-26T12:00:00,2025-11-10T12:00:00,submitted
174,3,3,quiz,2025-12-29T18:00:00,2025-12-17T18:00:00,submitted
174,4,2,assignment,2025-12-22T13:00:00,2025-12-17T13:00:00,graded
174,5,4,assignment,2025-10-20T10:00:00,2025-10-17T10:00:00,graded
175,1,4,quiz,2025-11-13T17:00:00,2025-11-14T17:00:00,graded
175,3,3,quiz,2025-12-07T08:00:00,2026-01-02T08:00:00,late
175,5,1,assignment,2025-10-12T15:00:00,2025-10-14T15:00:00,graded
176,1,2,quiz,2025-11-27T10:00:00,2025-11-24T10:00:00,late
176,2,1,quiz,2025-11-07T11:00:00,2025-11-19T11:00:00,graded
176,3,8,assignment,2025-12-13T12:00:00,2025-12-21T12:00:00,graded
176,4,6,assignment,2025-12-23T16:00:00,2025-12-28T16:00:00,late
177,1,6,quiz,2025-11-05T08:00:00,2025-11-21T08:00:00,late
177,2,2,quiz,2025-11-14T12:00:00,2025-11-06T12:00:00,late
177,3,7,assignment,2025-12-23T15:00:00,2025-12-22T15:00:00,late
177,4,4,assignment,2025-11-30T17:00:00,2025-12-08T17:00:00,graded
178,1,7,assignment,2025-11-27T17:00:00,2025-11-19T17:00:00,late
179,2,1,quiz,2025-11-09T08:00:00,2025-11-29T08:00:00,graded
179,3,4,assignment,2025-12-19T13:00:00,2026-01-09T13:00:00,submitted
179,5,4,quiz,2025-10-25T09:00:00,2025-10-25T09:00:00,late
180,1,3,assignment,2025-11-13T14:00:00,2025-11-26T14:00:00,late
180,4,7,assignment,2025-12-20T09:00:00,2025-12-19T09:00:00,submitted
182,1,6,assignment,2025-11-17T16:00:00,2025-11-23T16:00:00,submitted
182,3,4,quiz,2025-12-31T17:00:00,2025-12-21T17:00:00,late
182,4,6,assignment,2025-12-07T11:00:00,2025-12-31T11:00:00,late
182,5,2,assignment,2025-10-22T14:00:00,2025-10-27T14:00:00,submitted
183,2,1,assignment,2025-11-24T12:00:00,2025-11-14T12:00:00,submitted
183,3,2,assignment,2025-12-17T10:00:00,2025-12-26T10:00:00,submitted
183,4,7,assignment,2025-12-26T10:00:00,2026-01-02T10:00:00,graded
183,5,4,assignment,2025-10-01T09:00:00,2025-10-22T09:00:00,submitted
184,1,5,assignment,2025-11-14T15:00:00,2025-12-04T15:00:00,late
184,2,5,quiz,2025-12-07T09:00:00,2025-12-11T09:00:00,submitted
184,4,7,quiz,2025-12-07T08:00:00,2025-12-06T08:00:00,graded
185,1,7,quiz,2025-11-23T11:00:00,2025-12-05T11:00:00,submitted
185,2,1,assignment,2025-12-05T18:00:00,2025-12-06T18:00:00,graded
185,3,5,assignment,2026-01-01T08:00:00,2025-12-23T08:00:00,late
185,5,5,quiz,2025-10-04T11:00:00,2025-10-22T11:00:00,graded
186,3,5,quiz,2025-12-27T08:00:00,2026-01-15T08:00:00,submitted
186,4,3,assignment,2025-12-20T13:00:00,2025-12-29T13:00:00,submitted
187,2,4,quiz,2025-11-07T09:00:00,2025-11-08T09:00:00,late
187,4,8,quiz,2025-12-09T10:00:00,2025-12-24T10:00:00,graded
188,2,7,assignment,2025-11-26T15:00:00,2025-12-01T15:00:00,late
188,3,7,quiz,2026-01-03T14:00:00,2025-12-09T14:00:00,submitted
188,4,3,quiz,2025-12-10T14:00:00,2026-01-01T14:00:00,graded
188,5,8,assignment,2025-10-15T11:00:00,2025-10-19T11:00:00,late
189,1,7,assignment,2025-11-30T10:00:00,2025-11-29T10:00:00,late
189,5,4,assignment,2025-10-07T15:00:00,2025-09-25T15:00:00,graded
190,1,3,assignment,2025-11-10T10:00:00,2025-12-02T10:00:00,late
190,2,5,assignment,2025-11-10T11:00:00,2025-11-14T11:00:00,submitted
190,4,2,assignment,2025-12-24T14:00:00,2025-12-29T14:00:00,graded
190,5,4,quiz,2025-10-20T15:00:00,2025-10-20T15:00:00,submitted
191,4,5,quiz,2025-12-21T17:00:00,2025-12-19T17:00:00,late
191,5,5,assignment,2025-10-19T08:00:00,2025-10-23T08:00:00,late
192,1,2,quiz,2025-11-19T11:00:00,2025-11-22T11:00:00,submitted
192,2,4,quiz,2025-12-07T12:00:00,2025-12-04T12:00:00,late
192,5,1,assignment,2025-10-02T17:00:00,2025-10-29T17:00:00,submitted
193,4,2,quiz,2025-12-19T13:00:00,2025-12-22T13:00:00,late
194,2,5,assignment,2025-11-29T17:00:00,2025-12-04T17:00:00,submitted
194,3,6,quiz,2025-12-17T15:00:00,2025-12-21T15:00:00,submitted
194,4,3,assignment,2025-12-13T08:00:00,2025-12-05T08:00:00,graded
194,5,3,assignment,2025-09-27T11:00:00,2025-09-25T11:00:00,late
195,1,4,assignment,2025-11-16T13:00:00,2025-12-05T13:00:00,graded
195,2,3,quiz,2025-11-11T13:00:00,2025-11-28T13:00:00,submitted
195,3,2,assignment,2025-12-18T08:00:00,2025-12-15T08:00:00,graded
195,4,4,assignment,2025-12-17T09:00:00,2026-01-03T09:00:00,late
196,2,1,assignment,2025-11-06T17:00:00,2025-11-23T17:00:00,submitted
196,3,2,quiz,2025-12-16T10:00:00,2026-01-13T10:00:00,submitted
196,5,5,quiz,2025-10-22T18:00:00,2025-10-25T18:00:00,graded
197,1,7,quiz,2025-11-10T17:00:00,2025-11-24T17:00:00,late
197,2,6,quiz,2025-11-28T10:00:00,2025-11-18T10:00:00,graded
197,3,7,quiz,2025-12-30T10:00:00,2025-12-15T10:00:00,graded
198,2,2,quiz,2025-11-02T08:00:00,2025-12-02T08:00:00,late
199,1,3,quiz,2025-10-30T09:00:00,2025-11-07T09:00:00,late
199,2,4,quiz,2025-11-21T11:00:00,2025-12-09T11:00:00,late
199,4,7,quiz,2025-12-24T18:00:00,2025-12-16T18:00:00,submitted
200,1,1,quiz,2025-11-28T12:00:00,2025-12-02T12:00:00,submitted
200,2,8,assignment,2025-11-17T13:00:00,2025-12-12T13:00:00,graded
200,5,6,assignment,2025-10-06T14:00:00,2025-10-24T14:00:00,late
