id,moodle_userid,name,role,org,created_at
1,1001,Alex Hoang,student,OrgA,2025-11-22T22:11:36.147150
2,1002,Sam Bui,student,OrgA,2025-08-20T22:11:36.147150
3,1003,Alex Tran,student,OrgA,2025-11-20T22:11:36.147150
4,1004,Alex Bui,student,OrgA,2025-07-19T22:11:36.147150
5,1005,Riley Do,student,OrgA,2025-09-26T22:11:36.147150
6,1006,Alex Le,student,OrgC,2025-10-02T22:11:36.147150
7,1007,Taylor Pham,student,OrgB,2025-12-23T22:11:36.147150
8,1008,Sam Vu,student,OrgB,2025-08-17T22:11:36.147150
9,1009,Alex Ly,student,OrgC,2025-12-18T22:11:36.147150
10,1010,Dana Tran,teacher,OrgC,2025-11-04T22:11:36.147150
11,1011,Kris Vu,teacher,OrgC,2025-11-30T22:11:36.147150
12,1012,Alex Pham,student,OrgB,2025-12-29T22:11:36.147150
13,1013,Sam Do,teacher,OrgB,2025-09-24T22:11:36.147150
14,1014,Jamie Le,student,OrgB,2025-10-20T22:11:36.147150
15,1015,Jordan Tran,student,OrgC,2025-08-09T22:11:36.147150
16,1016,Morgan Le,student,OrgB,2025-10-13T22:11:36.147150
17,1017,Riley Pham,student,OrgC,2025-10-27T22:11:36.147150
18,1018,Alex Pham,teacher,OrgA,2025-10-30T22:11:36.147150
19,1019,Sam Pham,student,OrgC,2025-07-19T22:11:36.147150
20,1020,Cody Do,student,OrgC,2025-09-23T22:11:36.147150
21,1021,Taylor Pham,student,OrgC,2025-08-28T22:11:36.147150
22,1022,Kris Do,student,OrgC,2025-10-08T22:11:36.147150
23,1023,Taylor Bui,student,OrgB,2025-12-26T22:11:36.147150
24,1024,Sam Le,student,OrgC,2025-12-09T22:11:36.147150
25,1025,Dana Vo,student,OrgA,2025-10-12T22:11:36.147150
26,1026,Cody Bui,student,OrgB,2025-08-30T22:11:36.147150
27,1027,Alex Tran,teacher,OrgC,2025-09-03T22:11:36.147150
28,1028,Jamie Tran,student,OrgB,2025-09-29T22:11:36.147150
29,1029,Alex Hoang,student,OrgC,2025-12-04T22:11:36.147150
30,1030,Sam Hoang,student,OrgC,2025-09-11T22:11:36.147150
31,1031,Taylor Vu,student,OrgA,2025-09-02T22:11:36.147150
32,1032,Riley Nguyen,teacher,OrgC,2025-10-28T22:11:36.147150
33,1033,Sam Vu,student,OrgB,2025-11-18T22:11:36.147150
34,1034,Kris Tran,student,OrgA,2025-07-15T22:11:36.147150
35,1035,Sam Bui,student,OrgA,2025-12-17T22:11:36.147150
36,1036,Riley Le,student,OrgB,2025-09-05T22:11:36.147150
37,1037,Dana Pham,teacher,OrgC,2025-07-16T22:11:36.147150
38,1038,Jordan Do,student,OrgC,2025-08-05T22:11:36.147150
39,1039,Riley Ly,student,OrgA,2025-11-16T22:11:36.147150
40,1040,Jamie Nguyen,student,OrgC,2025-08-30T22:11:36.147150
41,1041,Morgan Nguyen,student,OrgA,2025-07-21T22:11:36.147150
42,1042,Morgan Tran,student,OrgA,2025-10-26T22:11:36.147150
43,1043,Morgan Hoang,student,OrgC,2025-09-16T22:11:36.147150
44,1044,Taylor Vo,student,OrgC,2025-09-19T22:11:36.147150
45,1045,Cody Do,student,OrgA,2025-12-25T22:11:36.147150
46,1046,Dana Vu,student,OrgB,2025-10-05T22:11:36.147150
47,1047,Alex Tran,student,OrgA,2025-10-07T22:11:36.147150
48,1048,Sam Pham,student,OrgA,2025-12-01T22:11:36.147150
49,1049,Taylor Do,student,OrgA,2025-11-08T22:11:36.147150
50,1050,Sam Ly,student,OrgC,2025-12-24T22:11:36.147150
51,1051,Riley Nguyen,student,OrgA,2025-11-19T22:11:36.147150
52,1052,Cody Ly,student,OrgA,2025-10-08T22:11:36.147150
53,1053,Taylor Do,teacher,OrgA,2025-10-11T22:11:36.147150
54,1054,Cody Hoang,student,OrgB,2025-07-24T22:11:36.147150
55,1055,Riley Ly,teacher,OrgA,2025-12-01T22:11:36.147150
56,1056,Alex Vo,student,OrgC,2025-09-02T22:11:36.147150
57,1057,Jamie Nguyen,student,OrgA,2025-08-22T22:11:36.147150
58,1058,Riley Le,student,OrgA,2025-09-10T22:11:36.147150
59,1059,Taylor Tran,student,OrgC,2026-01-01T22:11:36.147150
60,1060,Morgan Do,student,OrgA,2025-08-26T22:11:36.147150
61,1061,Kris Nguyen,student,OrgC,2025-12-29T22:11:36.147150
62,1062,Kris Vo,student,OrgC,2025-10-30T22:11:36.147150
63,1063,Morgan Vu,teacher,OrgA,2025-11-12T22:11:36.147150
64,1064,Jordan Ly,student,OrgB,2025-12-31T22:11:36.147150
65,1065,Kris Vo,student,OrgA,2025-12-31T22:11:36.147150
66,1066,Riley Hoang,student,OrgA,2025-10-21T22:11:36.147150
67,1067,Morgan Vu,teacher,OrgB,2025-12-09T22:11:36.147150
68,1068,Riley Hoang,student,OrgC,2025-08-04T22:11:36.147150
69,1069,Riley Hoang,student,OrgC,2025-12-23T22:11:36.147150
70,1070,Taylor Hoang,teacher,OrgA,2025-12-22T22:11:36.147150
71,1071,Taylor Hoang,student,OrgB,2025-08-17T22:11:36.147150
72,1072,Jamie Pham,student,OrgC,2025-08-09T22:11:36.147150
73,1073,Riley Ly,teacher,OrgB,2026-01-05T22:11:36.147150
74,1074,Dana Hoang,student,OrgA,2026-01-18T22:11:36.147150
75,1075,Taylor Hoang,student,OrgA,2025-07-13T22:11:36.147150
76,1076,Dana Bui,student,OrgA,2025-12-21T22:11:36.147150
77,1077,Taylor Bui,student,OrgA,2025-10-16T22:11:36.147150
78,1078,Taylor Do,student,OrgA,2026-01-08T22:11:36.147150
79,1079,Alex Vu,student,OrgA,2025-07-28T22:11:36.147150
80,1080,Sam Vu,student,OrgC,2025-10-06T22:11:36.147150
81,1081,Taylor Pham,teacher,OrgA,2025-12-04T22:11:36.147150
82,1082,Alex Le,teacher,OrgC,2025-10-25T22:11:36.147150
83,1083,Dana Pham,student,OrgB,2025-12-09T22:11:36.147150
84,1084,Sam Do,student,OrgA,2025-09-20T22:11:36.147150
85,1085,Cody Vu,student,OrgB,2025-11-21T22:11:36.147150
86,1086,Morgan Do,student,OrgB,2025-11-08T22:11:36.147150
87,1087,Jordan Vu,teacher,OrgC,2025-09-10T22:11:36.147150
88,1088,Riley Vu,student,OrgA,2025-12-20T22:11:36.147150
89,1089,Jordan Le,teacher,OrgC,2025-11-12T22:11:36.147150
90,1090,Kris Do,student,OrgB,2025-07-16T22:11:36.147150
91,1091,Dana Vo,student,OrgC,2025-12-20T22:11:36.147150
92,1092,Kris Pham,student,OrgB,2026-01-07T22:11:36.147150
93,1093,Alex Bui,student,OrgC,2025-07-27T22:11:36.147150
94,1094,Morgan Vu,student,OrgB,2026-01-01T22:11:36.147150
95,1095,Jamie Vo,teacher,OrgB,2025-08-02T22:11:36.147150
96,1096,Jordan Bui,teacher,OrgB,2025-08-01T22:11:36.147150
97,1097,Dana Hoang,student,OrgC,2025-12-17T22:11:36.147150
98,1098,Dana Le,student,OrgC,2025-08-26T22:11:36.147150
99,1099,Riley Nguyen,student,OrgB,2025-11-06T22:11:36.147150
100,1100,Kris Vo,student,OrgC,2025-10-28T22:11:36.147150
101,1101,Cody Pham,student,OrgC,2025-09-19T22:11:36.147150
102,1102,Taylor Tran,student,OrgB,2025-09-09T22:11:36.147150
103,1103,Kris Vu,student,OrgA,2025-11-19T22:11:36.147150
104,1104,Morgan Pham,student,OrgA,2026-01-12T22:11:36.147150
105,1105,Cody Vo,student,OrgA,2025-09-24T22:11:36.147150
106,1106,Kris Pham,student,OrgC,2025-07-24T22:11:36.147150
107,1107,Dana Pham,student,OrgA,2025-08-04T22:11:36.147150
108,1108,Sam Do,student,OrgA,2025-12-04T22:11:36.147150
109,1109,Riley Ly,teacher,OrgA,2025-08-29T22:11:36.147150
110,1110,Sam Ly,student,OrgA,2025-09-22T22:11:36.147150
111,1111,Riley Vo,student,OrgB,2025-09-27T22:11:36.147150
112,1112,Riley Do,student,OrgC,2025-09-26T22:11:36.147150
113,1113,Cody Ly,teacher,OrgB,2025-11-16T22:11:36.147150
114,1114,Jordan Bui,teacher,OrgB,2025-08-11T22:11:36.147150
115,1115,Cody Tran,student,OrgC,2025-11-06T22:11:36.147150
116,1116,Jamie Vu,student,OrgC,2025-12-29T22:11:36.147150
117,1117,Morgan Do,student,OrgC,2025-12-10T22:11:36.147150
118,1118,Sam Do,student,OrgB,2025-10-26T22:11:36.147150
119,1119,Dana Nguyen,student,OrgA,2025-10-03T22:11:36.147150
120,1120,Kris Nguyen,student,OrgC,2025-10-13T22:11:36.147150
121,1121,Jamie Hoang,student,OrgB,2025-10-03T22:11:36.147150
122,1122,Riley Vo,student,OrgA,2025-09-16T22:11:36.147150
123,1123,Dana Ly,student,OrgA,2025-10-11T22:11:36.147150
124,1124,Dana Le,student,OrgB,2025-12-17T22:11:36.147150
125,1125,Riley Nguyen,manager,OrgB,2025-08-20T22:11:36.147150
126,1126,Alex Tran,student,OrgC,2025-10-01T22:11:36.147150
127,1127,Cody Le,student,OrgA,2025-11-13T22:11:36.147150
128,1128,Morgan Ly,student,OrgB,2025-10-24T22:11:36.147150
129,1129,Dana Hoang,student,OrgB,2025-11-15T22:11:36.147150
130,1130,Cody Nguyen,teacher,OrgC,2025-09-02T22:11:36.147150
131,1131,Jamie Pham,student,OrgC,2026-01-01T22:11:36.147150
132,1132,Alex Nguyen,student,OrgA,2025-11-28T22:11:36.147150
133,1133,Kris Le,teacher,OrgA,2025-12-17T22:11:36.147150
134,1134,Sam Vo,student,OrgA,2025-09-21T22:11:36.147150
135,1135,Jamie Le,student,OrgC,2025-08-16T22:11:36.147150
136,1136,Sam Le,teacher,OrgB,2025-12-22T22:11:36.147150
137,1137,Jordan Vo,student,OrgC,2025-10-14T22:11:36.147150
138,1138,Morgan Tran,student,OrgC,2025-07-26T22:11:36.147150
139,1139,Morgan Tran,teacher,OrgC,2025-11-02T22:11:36.147150
140,1140,Kris Tran,teacher,OrgC,2026-01-08T22:11:36.147150
141,1141,Dana Vu,student,OrgA,2025-09-11T22:11:36.147150
142,1142,Alex Do,student,OrgB,2025-12-22T22:11:36.147150
143,1143,Jamie Ly,student,OrgC,2025-12-10T22:11:36.147150
144,1144,Riley Hoang,student,OrgC,2025-09-03T22:11:36.147150
145,1145,Cody Do,student,OrgC,2025-08-20T22:11:36.147150
146,1146,Morgan Tran,student,OrgB,2025-09-25T22:11:36.147150
147,1147,Cody Vo,student,OrgC,2025-07-31T22:11:36.147150
148,1148,Alex Ly,student,OrgB,2025-12-03T22:11:36.147150
149,1149,Jamie Hoang,student,OrgB,2025-11-08T22:11:36.147150
150,1150,Jordan Bui,teacher,OrgA,2025-09-08T22:11:36.147150
151,1151,Sam Pham,teacher,OrgC,2025-10-06T22:11:36.147150
152,1152,Morgan Ly,student,OrgC,2025-07-20T22:11:36.147150
153,1153,Alex Tran,student,OrgB,2025-11-23T22:11:36.147150
154,1154,Morgan Hoang,student,OrgC,2025-08-23T22:11:36.147150
155,1155,Riley Bui,student,OrgB,2025-10-02T22:11:36.147150
156,1156,Riley Vu,manager,OrgB,2025-07-23T22:11:36.147150
157,1157,Jordan Hoang,student,OrgA,2025-12-19T22:11:36.147150
158,1158,Jamie Tran,student,OrgC,2025-09-03T22:11:36.147150
159,1159,Taylor Pham,teacher,OrgA,2025-07-13T22:11:36.147150
160,1160,Kris Bui,student,OrgC,2025-11-07T22:11:36.147150
161,1161,Morgan Hoang,manager,OrgA,2025-10-18T22:11:36.147150
162,1162,Alex Bui,student,OrgA,2025-11-09T22:11:36.147150
163,1163,Alex Bui,student,OrgB,2025-07-24T22:11:36.147150
164,1164,Cody Tran,teacher,OrgA,2025-08-25T22:11:36.147150
165,1165,Cody Ly,student,OrgB,2025-12-02T22:11:36.147150
166,1166,Jordan Ly,teacher,OrgA,2026-01-02T22:11:36.147150
167,1167,Sam Vo,student,OrgC,2025-07-27T22:11:36.147150
168,1168,Taylor Vo,student,OrgB,2025-12-28T22:11:36.147150
169,1169,Sam Bui,manager,OrgB,2025-08-16T22:11:36.147150
170,1170,Kris Pham,student,OrgC,2025-10-13T22:11:36.147150
171,1171,Cody Hoang,student,OrgC,2025-10-01T22:11:36.147150
172,1172,Kris Nguyen,student,OrgC,2025-07-13T22:11:36.147150
173,1173,Morgan Pham,student,OrgB,2025-08-02T22:11:36.147150
174,1174,Morgan Le,student,OrgC,2025-12-30T22:11:36.147150
175,1175,Dana Ly,student,OrgC,2025-08-19T22:11:36.147150
176,1176,Alex Pham,student,OrgB,2025-07-22T22:11:36.147150
177,1177,Cody Tran,student,OrgC,2025-11-20T22:11:36.147150
178,1178,Kris Pham,teacher,OrgB,2025-12-20T22:11:36.147150
179,1179,Taylor Hoang,student,OrgA,2025-12-31T22:11:36.147150
180,1180,Jordan Vo,student,OrgC,2025-08-26T22:11:36.147150
181,1181,Cody Tran,teacher,OrgB,2025-07-26T22:11:36.147150
182,1182,Dana Hoang,student,OrgC,2025-09-02T22:11:36.147150
183,1183,Sam Vo,student,OrgA,2025-09-30T22:11:36.148148
184,1184,Kris Hoang,student,OrgA,2025-12-26T22:11:36.148148
185,1185,Kris Vo,student,OrgA,2025-07-30T22:11:36.148148
186,1186,Kris Nguyen,teacher,OrgA,2025-09-20T22:11:36.148148
187,1187,Cody Hoang,student,OrgA,2025-08-22T22:11:36.148148
188,1188,Cody Tran,student,OrgB,2025-10-21T22:11:36.148148
189,1189,Jamie Tran,student,OrgA,2025-10-26T22:11:36.148148
190,1190,Cody Hoang,student,OrgC,2025-10-08T22:11:36.148148
191,1191,Riley Nguyen,teacher,OrgB,2025-12-27T22:11:36.148148
192,1192,Jamie Tran,student,OrgB,2025-09-09T22:11:36.148148
193,1193,Alex Bui,teacher,OrgB,2025-10-05T22:11:36.148148
194,1194,Riley Vu,student,OrgC,2025-09-13T22:11:36.148148
195,1195,Alex Pham,student,OrgB,2025-08-31T22:11:36.148148
196,1196,Jordan Ly,student,OrgC,2025-09-16T22:11:36.148148
197,1197,Kris Pham,student,OrgC,2025-12-09T22:11:36.148148
198,1198,Alex Bui,student,OrgB,2025-12-26T22:11:36.148148
199,1199,Sam Ly,student,OrgA,2025-08-06T22:11:36.148148
200,1200,Cody Hoang,teacher,OrgC,2025-07-22T22:11:36.148148
